{"engineId":"34f664b5-7d2a-4e81-bd83-2ecf309d4efc","engineName":"Diabetes","rdbmsId":"c9a2a532-9929-4b57-8352-7c0e3e1469e9","varstore":{},"frames":[{"file":"@BaseFolder@/db/@ENGINE@/version/c9a2a532-9929-4b57-8352-7c0e3e1469e9\\Nativeaa7gG1n.json","meta":"@BaseFolder@/db/@ENGINE@/version/c9a2a532-9929-4b57-8352-7c0e3e1469e9\\METADATA__Nativeaa7gG1n.owl","state":null,"type":"prerna.ds.nativeframe.NativeFrame","name":"Nativeaa7gG1n","keys":["$CUR_FRAME_KEY","FRAME326518"]}],"panels":[{"panelId":"0","panelLabel":"0","view":"visualization","viewOptions":"{\"type\":\"echarts\"}","ornaments":"{\"showMenu\":true}","events":"{\"onSingleClick\":{\"Unfilter\":[{\"disabledVisuals\":[\"Grid\",\"Sunburst\"],\"default\":true,\"query\":\"UnfilterFrame(<SelectedColumn>);\",\"options\":{},\"refresh\":false,\"disabled\":false,\"panel\":\"\"}]},\"onBrush\":{\"Filter\":[{\"default\":true,\"query\":\"if(IsEmpty(<SelectedValues>), UnfilterFrame(<SelectedColumn>), SetFrameFilter(<SelectedColumn>==<SelectedValues>));\",\"options\":{},\"refresh\":false,\"disabled\":false,\"panel\":\"\"}]}}","filters":"[]","order":"[]","comments":"{}","position":"{}"}],"tasks":{"tasks":[{"type":"basic","task":{"taskType":"basic","id":"task1","numCollected":500,"internalOffset":0,"taskOptions":"{\"options\":{\"0\":{\"layout\":\"Grid\",\"alignment\":{\"label\":[\"CLEANED_DIABETES_3\",\"age\",\"bp_1d\",\"bp_1s\",\"bp_2d\",\"bp_2s\",\"chol\",\"drug_name\",\"frame\",\"gender\",\"glyhb\",\"hdl\",\"height\",\"hip\",\"id\",\"location_1\",\"ratio\",\"stab_glu\",\"time_ppn\",\"waist\",\"weight\"]}}}}","qs":{"qsType":"FRAME","isDistinct":true,"overrideImplicit":false,"limit":0,"offset":0,"relations":"{}","selectors":["COLUMN",{"table":"CLEANED_DIABETES_3","column":"PRIM_KEY_PLACEHOLDER","alias":"CLEANED_DIABETES_3","tableAlias":null},"COLUMN",{"table":"CLEANED_DIABETES_3","column":"age","alias":"age","tableAlias":null},"COLUMN",{"table":"CLEANED_DIABETES_3","column":"bp_1d","alias":"bp_1d","tableAlias":null},"COLUMN",{"table":"CLEANED_DIABETES_3","column":"bp_1s","alias":"bp_1s","tableAlias":null},"COLUMN",{"table":"CLEANED_DIABETES_3","column":"bp_2d","alias":"bp_2d","tableAlias":null},"COLUMN",{"table":"CLEANED_DIABETES_3","column":"bp_2s","alias":"bp_2s","tableAlias":null},"COLUMN",{"table":"CLEANED_DIABETES_3","column":"chol","alias":"chol","tableAlias":null},"COLUMN",{"table":"CLEANED_DIABETES_3","column":"drug_name","alias":"drug_name","tableAlias":null},"COLUMN",{"table":"CLEANED_DIABETES_3","column":"frame","alias":"frame","tableAlias":null},"COLUMN",{"table":"CLEANED_DIABETES_3","column":"gender","alias":"gender","tableAlias":null},"COLUMN",{"table":"CLEANED_DIABETES_3","column":"glyhb","alias":"glyhb","tableAlias":null},"COLUMN",{"table":"CLEANED_DIABETES_3","column":"hdl","alias":"hdl","tableAlias":null},"COLUMN",{"table":"CLEANED_DIABETES_3","column":"height","alias":"height","tableAlias":null},"COLUMN",{"table":"CLEANED_DIABETES_3","column":"hip","alias":"hip","tableAlias":null},"COLUMN",{"table":"CLEANED_DIABETES_3","column":"id","alias":"id","tableAlias":null},"COLUMN",{"table":"CLEANED_DIABETES_3","column":"location_1","alias":"location_1","tableAlias":null},"COLUMN",{"table":"CLEANED_DIABETES_3","column":"ratio","alias":"ratio","tableAlias":null},"COLUMN",{"table":"CLEANED_DIABETES_3","column":"stab_glu","alias":"stab_glu","tableAlias":null},"COLUMN",{"table":"CLEANED_DIABETES_3","column":"time_ppn","alias":"time_ppn","tableAlias":null},"COLUMN",{"table":"CLEANED_DIABETES_3","column":"waist","alias":"waist","tableAlias":null},"COLUMN",{"table":"CLEANED_DIABETES_3","column":"weight","alias":"weight","tableAlias":null}]}}},{"type":"basic","task":{"taskType":"basic","id":"task3","numCollected":500,"internalOffset":0,"taskOptions":"{\"options\":{\"0\":{\"layout\":\"Pie\",\"alignment\":{\"label\":[\"drug_name\"],\"value\":[\"AverageofCLEANED_DIABETES_3\"],\"facet\":[]}}}}","qs":{"qsType":"FRAME","isDistinct":true,"overrideImplicit":false,"limit":0,"offset":0,"relations":"{}","groups":["{\"column\":\"PRIM_KEY_PLACEHOLDER\",\"table\":\"drug_name\",\"alias\":\"\"}"],"selectors":["COLUMN",{"table":"drug_name","column":"PRIM_KEY_PLACEHOLDER","alias":"drug_name","tableAlias":null},"FUNCTION",{"alias":"AverageofCLEANED_DIABETES_3","function":"mean","distinct":false,"colCast":"","innerSelectors":["COLUMN",{"table":"CLEANED_DIABETES_3","column":"PRIM_KEY_PLACEHOLDER","alias":"CLEANED_DIABETES_3","tableAlias":null}]}]}}}],"taskCounter":4},"recipe":["AddPanel ( 0 ) ;","Panel ( 0 ) | AddPanelEvents ( { \"onSingleClick\" : { \"Unfilter\" : [ { \"panel\" : \"\" , \"query\" : \"UnfilterFrame(%3CSelectedColumn%3E)%3B\" , \"options\" : { } , \"refresh\" : false , \"default\" : true , \"disabledVisuals\" : [ \"Grid\" , \"Sunburst\" ] , \"disabled\" : false } ] } , \"onBrush\" : { \"Filter\" : [ { \"panel\" : \"\" , \"query\" : \"if(IsEmpty(%3CSelectedValues%3E)%2C%20UnfilterFrame(%3CSelectedColumn%3E)%2C%20SetFrameFilter(%3CSelectedColumn%3E%3D%3D%3CSelectedValues%3E))%3B\" , \"options\" : { } , \"refresh\" : false , \"default\" : true , \"disabled\" : false } ] } } ) ;","Panel ( 0 ) | RetrievePanelEvents ( ) ;","Panel ( 0 ) | SetPanelView ( \"visualization\" , \"%7B%22type%22%3A%22echarts%22%7D\" ) ;","Panel ( 0 ) | SetPanelView ( \"federate-view\" , \"%7B%22app_id%22%3A%2234f664b5-7d2a-4e81-bd83-2ecf309d4efc%22%7D\" ) ;","CreateFrame ( frameType = [ NATIVE ] ) .as ( [ 'FRAME326518' ] ) ;","Database ( database = [ \"34f664b5-7d2a-4e81-bd83-2ecf309d4efc\" ] ) | Select ( CLEANED_DIABETES_3 , CLEANED_DIABETES_3__age , CLEANED_DIABETES_3__bp_1d , CLEANED_DIABETES_3__bp_1s , CLEANED_DIABETES_3__bp_2d , CLEANED_DIABETES_3__bp_2s , CLEANED_DIABETES_3__chol , CLEANED_DIABETES_3__drug_name , CLEANED_DIABETES_3__frame , CLEANED_DIABETES_3__gender , CLEANED_DIABETES_3__glyhb , CLEANED_DIABETES_3__hdl , CLEANED_DIABETES_3__height , CLEANED_DIABETES_3__hip , CLEANED_DIABETES_3__id , CLEANED_DIABETES_3__location_1 , CLEANED_DIABETES_3__ratio , CLEANED_DIABETES_3__stab_glu , CLEANED_DIABETES_3__time_ppn , CLEANED_DIABETES_3__waist , CLEANED_DIABETES_3__weight ) .as ( [ CLEANED_DIABETES_3 , age , bp_1d , bp_1s , bp_2d , bp_2s , chol , drug_name , frame , gender , glyhb , hdl , height , hip , id , location_1 , ratio , stab_glu , time_ppn , waist , weight ] ) | Import ( ) ;","Panel ( 0 ) | SetPanelView ( \"visualization\" ) ;","Frame ( ) | QueryAll ( ) | AutoTaskOptions ( panel = [ \"0\" ] , layout = [ \"Grid\" ] ) | Collect ( 500 ) ;","Panel ( 0 ) | SetPanelView ( \"visualization\" , \"%7B%22type%22%3A%22echarts%22%7D\" ) ;","if ( ( HasDuplicates ( drug_name ) ) , ( Select ( drug_name , Average ( CLEANED_DIABETES_3 ) ) .as ( [ drug_name , AverageofCLEANED_DIABETES_3 ] ) | Group ( drug_name ) | With ( Panel ( 0 ) ) | Format ( type = [ 'table' ] ) | TaskOptions ( { \"0\" : { \"layout\" : \"Pie\" , \"alignment\" : { \"label\" : [ \"drug_name\" ] , \"value\" : [ \"AverageofCLEANED_DIABETES_3\" ] , \"facet\" : [ ] } } } ) | Collect ( 500 ) ) , ( Select ( drug_name , CLEANED_DIABETES_3 ) .as ( [ drug_name , CLEANED_DIABETES_3 ] ) | With ( Panel ( 0 ) ) | Format ( type = [ 'table' ] ) | TaskOptions ( { \"0\" : { \"layout\" : \"Pie\" , \"alignment\" : { \"label\" : [ \"drug_name\" ] , \"value\" : [ \"CLEANED_DIABETES_3\" ] , \"facet\" : [ ] } } } ) | Collect ( 500 ) ) ) ;","Panel ( 0 ) | AddPanelOrnaments ( { \"showMenu\" : true } ) ;","Panel ( 0 ) | RetrievePanelOrnaments ( \"showMenu\" ) ;"]}