{"insightID":"2d6feb63-5021-4cdb-b5c8-cd794ad2ea0f","pixelReturn":[{"pixelExpression":"if ( ( HasDuplicates ( drug_name ) ) , ( Select ( drug_name , Average ( CLEANED_DIABETES_3 ) ) .as ( [ drug_name , AverageofCLEANED_DIABETES_3 ] ) | Group ( drug_name ) | With ( Panel ( 0 ) ) | Format ( type = [ 'table' ] ) | TaskOptions ( { \"0\" : { \"layout\" : \"Pie\" , \"alignment\" : { \"label\" : [ \"drug_name\" ] , \"value\" : [ \"AverageofCLEANED_DIABETES_3\" ] , \"facet\" : [ ] } } } ) | Collect ( 500 ) ) , ( Select ( drug_name , CLEANED_DIABETES_3 ) .as ( [ drug_name , CLEANED_DIABETES_3 ] ) | With ( Panel ( 0 ) ) | Format ( type = [ 'table' ] ) | TaskOptions ( { \"0\" : { \"layout\" : \"Pie\" , \"alignment\" : { \"label\" : [ \"drug_name\" ] , \"value\" : [ \"CLEANED_DIABETES_3\" ] , \"facet\" : [ ] } } } ) | Collect ( 500 ) ) ) ;","isMeta":false,"output":{"data":{"values":[["BYDUREON",300.0],["HUMALOG",266.0],["HUMULIN",244.0],["INVOKANA",119.0],["LANTUS",290.0],["ONGLYZA",120.0],["SYMLIN",265.0],["TRADJENTA",166.0]],"headers":["drug_name","AverageofCLEANED_DIABETES_3"],"rawHeaders":["DRUG_NAME","AverageofCLEANED_DIABETES_3"]},"format":{"type":"TABLE"},"headerInfo":[{"alias":"drug_name","header":"drug_name","type":"STRING","derived":false},{"alias":"AverageofCLEANED_DIABETES_3","header":"AverageofCLEANED_DIABETES_3","calculatedBy":"CLEANED_DIABETES_3","math":"Average","groupBy":["drug_name"],"type":"NUMBER","derived":true}],"sortInfo":[],"numCollected":500,"taskOptions":{"0":{"layout":"Pie","alignment":{"label":["drug_name"],"value":["AverageofCLEANED_DIABETES_3"],"facet":[]}}},"filterInfo":[],"taskId":"task1"},"operationType":["TASK_DATA"]}]}