{"insightID":"118c9a71-c32e-44be-998a-77078eff4fdb","pixelReturn":[{"pixelExpression":"if ( ( HasDuplicates ( drug_name ) ) , ( Select ( drug_name , Average ( weight ) , Average ( waist ) ) .as ( [ drug_name , Averageofweight , Averageofwaist ] ) | Group ( drug_name ) | With ( Panel ( 0 ) ) | Format ( type = [ 'table' ] ) | TaskOptions ( { \"0\" : { \"layout\" : \"Column\" , \"alignment\" : { \"label\" : [ \"drug_name\" ] , \"value\" : [ \"Averageofweight\" , \"Averageofwaist\" ] , \"facet\" : [ ] } } } ) | Collect ( 500 ) ) , ( Select ( drug_name , weight , waist ) .as ( [ drug_name , weight , waist ] ) | With ( Panel ( 0 ) ) | Format ( type = [ 'table' ] ) | TaskOptions ( { \"0\" : { \"layout\" : \"Column\" , \"alignment\" : { \"label\" : [ \"drug_name\" ] , \"value\" : [ \"weight\" , \"waist\" ] , \"facet\" : [ ] } } } ) | Collect ( 500 ) ) ) ;","isMeta":false,"output":{"data":{"values":[["BYDUREON",178,37],["HUMALOG",177,37],["HUMULIN",176,37],["INVOKANA",178,39],["LANTUS",179,37],["ONGLYZA",178,39],["SYMLIN",177,37],["TRADJENTA",181,39]],"headers":["drug_name","Averageofweight","Averageofwaist"],"rawHeaders":["DRUG_NAME","Averageofweight","Averageofwaist"]},"format":{"type":"TABLE"},"headerInfo":[{"alias":"drug_name","header":"drug_name","type":"STRING","derived":false},{"alias":"Averageofweight","header":"Averageofweight","calculatedBy":"weight","math":"Average","groupBy":["drug_name"],"type":"NUMBER","derived":true},{"alias":"Averageofwaist","header":"Averageofwaist","calculatedBy":"waist","math":"Average","groupBy":["drug_name"],"type":"NUMBER","derived":true}],"sortInfo":[],"numCollected":500,"taskOptions":{"0":{"layout":"Column","alignment":{"label":["drug_name"],"value":["Averageofweight","Averageofwaist"],"facet":[]}}},"filterInfo":[],"taskId":"task1"},"operationType":["TASK_DATA"]}]}