{"engineId":"34f664b5-7d2a-4e81-bd83-2ecf309d4efc","engineName":"Diabetes","rdbmsId":"0bfa131e-3361-4a74-8398-592306a66768","varstore":{},"frames":[{"file":"@BaseFolder@/db/@ENGINE@/version/0bfa131e-3361-4a74-8398-592306a66768\\FRAME.gz","meta":"@BaseFolder@/db/@ENGINE@/version/0bfa131e-3361-4a74-8398-592306a66768\\METADATA__FRAME.owl","state":null,"type":"prerna.ds.h2.H2Frame","name":"FRAME","keys":["$CUR_FRAME_KEY","FRAME"]}],"panels":[{"panelId":"0","panelLabel":"0","view":"visualization","viewOptions":null,"ornaments":"{}","events":"{}","filters":"[]","order":"[]","comments":"{}","position":"{}"}],"tasks":{"tasks":[{"type":"basic","task":{"taskType":"basic","id":"task1","numCollected":500,"internalOffset":0,"taskOptions":"{\"options\":{\"0\":{\"layout\":\"Grid\",\"alignment\":{\"label\":[\"GLYHB\",\"BP_1D\",\"BP_2D\",\"WAIST\",\"RATIO\",\"DRUG_NAME\",\"HEIGHT\",\"FRAME\",\"HIP\",\"HDL\",\"BP_1S\",\"BP_2S\",\"STAB_GLU\",\"LOCATION_1\",\"GENDER\",\"ID\",\"TIME_PPN\",\"WEIGHT\",\"CHOL\",\"CLEANED_DIABETES_3_UNIQUE_ROW_ID\",\"AGE\"]}}}}","qs":{"qsType":"FRAME","isDistinct":true,"overrideImplicit":false,"limit":0,"offset":0,"relations":"{}","selectors":["COLUMN",{"table":"GLYHB","column":"PRIM_KEY_PLACEHOLDER","alias":"GLYHB","tableAlias":null},"COLUMN",{"table":"BP_1D","column":"PRIM_KEY_PLACEHOLDER","alias":"BP_1D","tableAlias":null},"COLUMN",{"table":"BP_2D","column":"PRIM_KEY_PLACEHOLDER","alias":"BP_2D","tableAlias":null},"COLUMN",{"table":"WAIST","column":"PRIM_KEY_PLACEHOLDER","alias":"WAIST","tableAlias":null},"COLUMN",{"table":"RATIO","column":"PRIM_KEY_PLACEHOLDER","alias":"RATIO","tableAlias":null},"COLUMN",{"table":"DRUG_NAME","column":"PRIM_KEY_PLACEHOLDER","alias":"DRUG_NAME","tableAlias":null},"COLUMN",{"table":"HEIGHT","column":"PRIM_KEY_PLACEHOLDER","alias":"HEIGHT","tableAlias":null},"COLUMN",{"table":"FRAME","column":"PRIM_KEY_PLACEHOLDER","alias":"FRAME","tableAlias":null},"COLUMN",{"table":"HIP","column":"PRIM_KEY_PLACEHOLDER","alias":"HIP","tableAlias":null},"COLUMN",{"table":"HDL","column":"PRIM_KEY_PLACEHOLDER","alias":"HDL","tableAlias":null},"COLUMN",{"table":"BP_1S","column":"PRIM_KEY_PLACEHOLDER","alias":"BP_1S","tableAlias":null},"COLUMN",{"table":"BP_2S","column":"PRIM_KEY_PLACEHOLDER","alias":"BP_2S","tableAlias":null},"COLUMN",{"table":"STAB_GLU","column":"PRIM_KEY_PLACEHOLDER","alias":"STAB_GLU","tableAlias":null},"COLUMN",{"table":"LOCATION_1","column":"PRIM_KEY_PLACEHOLDER","alias":"LOCATION_1","tableAlias":null},"COLUMN",{"table":"GENDER","column":"PRIM_KEY_PLACEHOLDER","alias":"GENDER","tableAlias":null},"COLUMN",{"table":"ID","column":"PRIM_KEY_PLACEHOLDER","alias":"ID","tableAlias":null},"COLUMN",{"table":"TIME_PPN","column":"PRIM_KEY_PLACEHOLDER","alias":"TIME_PPN","tableAlias":null},"COLUMN",{"table":"WEIGHT","column":"PRIM_KEY_PLACEHOLDER","alias":"WEIGHT","tableAlias":null},"COLUMN",{"table":"CHOL","column":"PRIM_KEY_PLACEHOLDER","alias":"CHOL","tableAlias":null},"COLUMN",{"table":"CLEANED_DIABETES_3_UNIQUE_ROW_ID","column":"PRIM_KEY_PLACEHOLDER","alias":"CLEANED_DIABETES_3_UNIQUE_ROW_ID","tableAlias":null},"COLUMN",{"table":"AGE","column":"PRIM_KEY_PLACEHOLDER","alias":"AGE","tableAlias":null}]}}}],"taskCounter":2},"recipe":["AddPanel ( 0 ) ;","Panel ( 0 ) | SetPanelView ( \"visualization\" ) ;","CreateFrame ( grid ) .as ( [ FRAME ] ) ;","Database ( \"34f664b5-7d2a-4e81-bd83-2ecf309d4efc\" ) | Select ( CLEANED_DIABETES_3__GLYHB , CLEANED_DIABETES_3__BP_1D , CLEANED_DIABETES_3__BP_2D , CLEANED_DIABETES_3__WAIST , CLEANED_DIABETES_3__RATIO , CLEANED_DIABETES_3__DRUG_NAME , CLEANED_DIABETES_3__HEIGHT , CLEANED_DIABETES_3__FRAME , CLEANED_DIABETES_3__HIP , CLEANED_DIABETES_3__HDL , CLEANED_DIABETES_3__BP_1S , CLEANED_DIABETES_3__BP_2S , CLEANED_DIABETES_3__STAB_GLU , CLEANED_DIABETES_3__LOCATION_1 , CLEANED_DIABETES_3__GENDER , CLEANED_DIABETES_3__ID , CLEANED_DIABETES_3__TIME_PPN , CLEANED_DIABETES_3__WEIGHT , CLEANED_DIABETES_3__CHOL , CLEANED_DIABETES_3__CLEANED_DIABETES_3_UNIQUE_ROW_ID , CLEANED_DIABETES_3__AGE ) | Limit ( 500 ) | Import ( ) ;","Frame ( ) | Select ( f$ GLYHB , f$ BP_1D , f$ BP_2D , f$ WAIST , f$ RATIO , f$ DRUG_NAME , f$ HEIGHT , f$ FRAME , f$ HIP , f$ HDL , f$ BP_1S , f$ BP_2S , f$ STAB_GLU , f$ LOCATION_1 , f$ GENDER , f$ ID , f$ TIME_PPN , f$ WEIGHT , f$ CHOL , f$ CLEANED_DIABETES_3_UNIQUE_ROW_ID , f$ AGE ) | Format ( type = [ 'table' ] ) | TaskOptions ( { \"0\" : { \"layout\" : \"Grid\" , \"alignment\" : { \"label\" : [ \"GLYHB\" , \"BP_1D\" , \"BP_2D\" , \"WAIST\" , \"RATIO\" , \"DRUG_NAME\" , \"HEIGHT\" , \"FRAME\" , \"HIP\" , \"HDL\" , \"BP_1S\" , \"BP_2S\" , \"STAB_GLU\" , \"LOCATION_1\" , \"GENDER\" , \"ID\" , \"TIME_PPN\" , \"WEIGHT\" , \"CHOL\" , \"CLEANED_DIABETES_3_UNIQUE_ROW_ID\" , \"AGE\" ] } } } ) | Collect ( 500 ) ;"]}