{"insightID":"167fe963-9404-41e6-9266-7e1d63b2ea4f","pixelReturn":[{"pixelExpression":"Frame ( ) | Select ( f$ GLYHB , f$ BP_1D , f$ BP_2D , f$ WAIST , f$ RATIO , f$ DRUG_NAME , f$ HEIGHT , f$ FRAME , f$ HIP , f$ HDL , f$ BP_1S , f$ BP_2S , f$ STAB_GLU , f$ LOCATION_1 , f$ GENDER , f$ ID , f$ TIME_PPN , f$ WEIGHT , f$ CHOL , f$ CLEANED_DIABETES_3_UNIQUE_ROW_ID , f$ AGE ) | Format ( type = [ 'table' ] ) | TaskOptions ( { \"0\" : { \"layout\" : \"Grid\" , \"alignment\" : { \"label\" : [ \"GLYHB\" , \"BP_1D\" , \"BP_2D\" , \"WAIST\" , \"RATIO\" , \"DRUG_NAME\" , \"HEIGHT\" , \"FRAME\" , \"HIP\" , \"HDL\" , \"BP_1S\" , \"BP_2S\" , \"STAB_GLU\" , \"LOCATION_1\" , \"GENDER\" , \"ID\" , \"TIME_PPN\" , \"WEIGHT\" , \"CHOL\" , \"CLEANED_DIABETES_3_UNIQUE_ROW_ID\" , \"AGE\" ] } } } ) | Collect ( 500 ) ;","isMeta":false,"output":{"data":{"values":[["0.0","73","null","37","3.099999905","LANTUS","70","L","42","71","130","null","80","Buckingham","male","4808","720","170","218","419.0","68"],["0.0","80","null","43","6.900000095","HUMULIN","75","large","49","38","124","null","84","Buckingham","male","1326","300","253","262","130.0","43"],["0.0","79","null","33","4.5","SYMLIN","63","medium","40","48","139","null","78","Buckingham","female","4827","720","158","217","461.0","53"],["0.0","79","null","40","5.599999905","HUMALOG","66","large","45","39","138","null","88","Buckingham","female","2774","720","191","218","198.0","44"],["0.0","79","null","40","5.599999905","BYDUREON","66","large","45","39","138","null","88","Buckingham","female","2774","720","191","218","196.0","44"],["0.0","79","null","33","4.5","LANTUS","63","medium","40","48","139","null","78","Buckingham","female","4827","720","158","217","459.0","53"],["0.0","71","null","35","3.700000048","TRADJENTA","70","medium","39","63","121","null","80","Buckingham","male","2784","720","165","234","219.0","31"],["0.0","73","null","37","3.099999905","HUMALOG","70","L","42","71","130","null","80","Buckingham","male","4808","720","170","218","422.0","68"],["0.0","73","null","37","3.099999905","BYDUREON","70","L","42","71","130","null","80","Buckingham","male","4808","720","170","218","420.0","68"],["0.0","71","null","35","3.700000048","LANTUS","70","medium","39","63","121","null","80","Buckingham","male","2784","720","165","234","220.0","31"],["0.0","71","null","35","3.700000048","SYMLIN","70","medium","39","63","121","null","80","Buckingham","male","2784","720","165","234","222.0","31"],["0.0","79","null","33","4.5","HUMALOG","63","medium","40","48","139","null","78","Buckingham","female","4827","720","158","217","462.0","53"],["0.0","79","null","40","5.599999905","TRADJENTA","66","large","45","39","138","null","88","Buckingham","female","2774","720","191","218","194.0","44"],["0.0","79","null","33","4.5","BYDUREON","63","medium","40","48","139","null","78","Buckingham","female","4827","720","158","217","460.0","53"],["0.0","99","null","39","3.799999952","LANTUS","63","L","48","61","141","null","105","Buckingham","female","4826","30","230","231","454.0","58"],["0.0","99","null","39","3.799999952","SYMLIN","63","L","48","61","141","null","105","Buckingham","female","4826","30","230","231","456.0","58"],["0.0","73","null","37","3.099999905","HUMULIN","70","L","42","71","130","null","80","Buckingham","male","4808","720","170","218","423.0","68"],["0.0","79","null","33","4.5","HUMULIN","63","medium","40","48","139","null","78","Buckingham","female","4827","720","158","217","463.0","53"],["0.0","79","null","40","5.599999905","LANTUS","66","large","45","39","138","null","88","Buckingham","female","2774","720","191","218","195.0","44"],["0.0","79","null","40","5.599999905","SYMLIN","66","large","45","39","138","null","88","Buckingham","female","2774","720","191","218","197.0","44"],["0.0","80","null","43","6.900000095","INVOKANA","75","large","49","38","124","null","84","Buckingham","male","1326","300","253","262","131.0","43"],["0.0","71","null","35","3.700000048","HUMALOG","70","medium","39","63","121","null","80","Buckingham","male","2784","720","165","234","223.0","31"],["0.0","71","null","35","3.700000048","BYDUREON","70","medium","39","63","121","null","80","Buckingham","male","2784","720","165","234","221.0","31"],["0.0","99","null","39","3.799999952","HUMALOG","63","L","48","61","141","null","105","Buckingham","female","4826","30","230","231","457.0","58"],["0.0","99","null","39","3.799999952","BYDUREON","63","L","48","61","141","null","105","Buckingham","female","4826","30","230","231","455.0","58"],["0.0","99","null","39","3.799999952","HUMULIN","63","L","48","61","141","null","105","Buckingham","female","4826","30","230","231","458.0","58"],["0.0","73","null","37","3.099999905","SYMLIN","70","L","42","71","130","null","80","Buckingham","male","4808","720","170","218","421.0","68"],["0.0","80","null","43","6.900000095","ONGLYZA","75","large","49","38","124","null","84","Buckingham","male","1326","300","253","262","132.0","43"],["10.14999962","80","80","42","6.800000191","HUMULIN","67","medium","43","33","160","158","341","L","male","4790","390","197","224","373.0","65"],["10.14999962","80","80","42","6.800000191","SYMLIN","67","medium","43","33","160","158","341","L","male","4790","390","197","224","371.0","65"],["10.14999962","80","80","42","6.800000191","HUMALOG","67","medium","43","33","160","158","341","L","male","4790","390","197","224","372.0","65"],["10.14999962","80","80","42","6.800000191","BYDUREON","67","medium","43","33","160","158","341","L","male","4790","390","197","224","370.0","65"],["10.55000019","69","null","42","4.0","HUMULIN","0","L","53","54","139","null","182","L","female","4760","720","215","218","321.0","51"],["10.55000019","69","null","42","4.0","SYMLIN","0","L","53","54","139","null","182","L","female","4760","720","215","218","319.0","51"],["10.55000019","69","null","42","4.0","HUMALOG","0","L","53","54","139","null","182","L","female","4760","720","215","218","320.0","51"],["10.55000019","69","null","42","4.0","BYDUREON","0","L","53","54","139","null","182","L","female","4760","720","215","218","318.0","51"],["10.89999962","68","null","42","5.300000191","ONGLYZA","67","medium","43","24","110","null","223","Buckingham","male","2004","450","196","128","144.0","60"],["10.89999962","68","null","42","5.300000191","HUMULIN","67","medium","43","24","110","null","223","Buckingham","male","2004","450","196","128","142.0","60"],["10.89999962","68","null","42","5.300000191","INVOKANA","67","medium","43","24","110","null","223","Buckingham","male","2004","450","196","128","143.0","60"],["10.93000031","99","103","42","4.900000095","LANTUS","63","large","48","60","159","160","262","Bjc","female","2775","300","183","296","200.0","74"],["10.93000031","99","103","42","4.900000095","SYMLIN","63","large","48","60","159","160","262","Bjc","female","2775","300","183","296","202.0","74"],["10.93000031","99","103","42","4.900000095","HUMALOG","63","large","48","60","159","160","262","Bjc","female","2775","300","183","296","203.0","74"],["10.93000031","99","103","42","4.900000095","BYDUREON","63","large","48","60","159","160","262","Bjc","female","2775","300","183","296","201.0","74"],["10.93000031","99","103","42","4.900000095","TRADJENTA","63","large","48","60","159","160","262","Bjc","female","2775","300","183","296","199.0","74"],["11.23999977","90","null","46","4.800000191","HUMULIN","65","large","51","41","178","null","206","Buckingham","female","1250","540","196","196","60.0","62"],["11.23999977","90","null","46","4.800000191","SYMLIN","65","large","51","41","178","null","206","Buckingham","female","1250","540","196","196","58.0","62"],["11.23999977","90","null","46","4.800000191","HUMALOG","65","large","51","41","178","null","206","Buckingham","female","1250","540","196","196","59.0","62"],["11.40999985","80","80","34","2.799999952","HUMALOG","63","medium","42","75","150","145","203","Bjc","female","2791","960","165","213","238.0","71"],["11.40999985","80","80","34","2.799999952","BYDUREON","63","medium","42","75","150","145","203","Bjc","female","2791","960","165","213","236.0","71"],["11.40999985","80","80","34","2.799999952","TRADJENTA","63","medium","42","75","150","145","203","Bjc","female","2791","960","165","213","234.0","71"],["11.40999985","80","80","34","2.799999952","LANTUS","63","medium","42","75","150","145","203","Bjc","female","2791","960","165","213","235.0","71"],["11.40999985","80","80","34","2.799999952","SYMLIN","63","medium","42","75","150","145","203","Bjc","female","2791","960","165","213","237.0","71"],["12.73999977","83","null","48","4.699999809","HUMALOG","69","large","55","43","136","null","299","Buckingham","female","1254","240","288","203","68.0","38"],["12.73999977","83","null","48","4.699999809","HUMULIN","69","large","55","43","136","null","299","Buckingham","female","1254","240","288","203","69.0","38"],["12.73999977","83","null","48","4.699999809","SYMLIN","69","large","55","43","136","null","299","Buckingham","female","1254","240","288","203","67.0","38"],["13.69999981","90","null","43","4.099999905","HUMALOG","62","large","47","58","130","null","233","Buckingham","female","2773","195","189","237","193.0","49"],["13.69999981","90","null","43","4.099999905","BYDUREON","62","large","47","58","130","null","233","Buckingham","female","2773","195","189","237","191.0","49"],["13.69999981","90","null","43","4.099999905","TRADJENTA","62","large","47","58","130","null","233","Buckingham","female","2773","195","189","237","189.0","49"],["13.69999981","90","null","43","4.099999905","LANTUS","62","large","47","58","130","null","233","Buckingham","female","2773","195","189","237","190.0","49"],["13.69999981","90","null","43","4.099999905","SYMLIN","62","large","47","58","130","null","233","Buckingham","female","2773","195","189","237","192.0","49"],["14.31000042","98","88","43","19.29999924","TRADJENTA","70","medium","48","23","158","148","185","Buckingham","female","2778","420","235","443","209.0","51"],["14.31000042","98","88","43","19.29999924","LANTUS","70","medium","48","23","158","148","185","Buckingham","female","2778","420","235","443","210.0","51"],["14.31000042","98","88","43","19.29999924","SYMLIN","70","medium","48","23","158","148","185","Buckingham","female","2778","420","235","443","212.0","51"],["14.31000042","98","88","43","19.29999924","HUMALOG","70","medium","48","23","158","148","185","Buckingham","female","2778","420","235","443","213.0","51"],["14.31000042","98","88","43","19.29999924","BYDUREON","70","medium","48","23","158","148","185","Buckingham","female","2778","420","235","443","211.0","51"],["15.52000046","88","80","39","7.800000191","INVOKANA","74","medium","41","34","170","168","330","Buckingham","male","1304","225","191","265","98.0","61"],["15.52000046","88","80","39","7.800000191","ONGLYZA","74","medium","41","34","170","168","330","Buckingham","male","1304","225","191","265","99.0","61"],["15.52000046","88","80","39","7.800000191","HUMULIN","74","medium","41","34","170","168","330","Buckingham","male","1304","225","191","265","97.0","61"],["2.680000067","64","null","31","2.900000095","HUMULIN","66","med","35","67","115","null","86","Buckingham","male","1313","720","159","194","109.0","35"],["2.680000067","64","null","31","2.900000095","INVOKANA","66","med","35","67","115","null","86","Buckingham","male","1313","720","159","194","110.0","35"],["2.680000067","64","null","31","2.900000095","ONGLYZA","66","med","35","67","115","null","86","Buckingham","male","1313","720","159","194","111.0","35"],["3.410000086","90","96","37","4.5","HUMALOG","65","medium","41","47","130","120","83","Louisa","female","1036","240","157","213","47.0","33"],["3.410000086","90","96","37","4.5","HUMULIN","65","medium","41","47","130","120","83","Louisa","female","1036","240","157","213","48.0","33"],["3.410000086","90","96","37","4.5","SYMLIN","65","medium","41","47","130","120","83","Louisa","female","1036","240","157","213","46.0","33"],["3.559999943","0","null","46","5.900000095","ONGLYZA","72","medium","49","32","0","null","107","Buckingham","male","1314","240","205","190","114.0","46"],["3.559999943","0","null","46","5.900000095","HUMULIN","72","medium","49","32","0","null","107","Buckingham","male","1314","240","205","190","112.0","46"],["3.559999943","0","null","46","5.900000095","INVOKANA","72","medium","49","32","0","null","107","Buckingham","male","1314","240","205","190","113.0","46"],["3.670000076","78","null","32","3.200000048","INVOKANA","66","medium","34","63","120","null","87","Buckingham","male","1309","720","118","199","104.0","25"],["3.670000076","78","null","32","3.200000048","ONGLYZA","66","medium","34","63","120","null","87","Buckingham","male","1309","720","118","199","105.0","25"],["3.670000076","78","null","32","3.200000048","HUMULIN","66","medium","34","63","120","null","87","Buckingham","male","1309","720","118","199","103.0","25"],["3.75999999","96","96","34","5.599999905","SYMLIN","64","medium","43","49","160","162","94","Louisa","female","4822","30","174","273","441.0","53"],["3.75999999","96","96","34","5.599999905","LANTUS","64","medium","43","49","160","162","94","Louisa","female","4822","30","174","273","439.0","53"],["3.75999999","96","96","34","5.599999905","HUMALOG","64","medium","43","49","160","162","94","Louisa","female","4822","30","174","273","442.0","53"],["3.75999999","96","96","34","5.599999905","BYDUREON","64","medium","43","49","160","162","94","Louisa","female","4822","30","174","273","440.0","53"],["3.75999999","96","96","34","5.599999905","HUMULIN","64","medium","43","49","160","162","94","Louisa","female","4822","30","174","273","443.0","53"],["3.890000105","90","null","40","3.599999905","SYMLIN","68","medium","41","59","130","null","111","Louisa","male","4801","60","204","214","401.0","28"],["3.890000105","79","null","40","4.699999809","INVOKANA","62","medium","43","46","142","null","68","Buckingham","female","1321","720","170","218","125.0","52"],["3.890000105","90","null","40","3.599999905","HUMALOG","68","medium","41","59","130","null","111","Louisa","male","4801","60","204","214","402.0","28"],["3.890000105","90","null","40","3.599999905","BYDUREON","68","medium","41","59","130","null","111","Louisa","male","4801","60","204","214","400.0","28"],["3.890000105","90","null","40","3.599999905","HUMULIN","68","medium","41","59","130","null","111","Louisa","male","4801","60","204","214","403.0","28"],["3.890000105","79","null","40","4.699999809","ONGLYZA","62","medium","43","46","142","null","68","Buckingham","female","1321","720","170","218","126.0","52"],["3.890000105","79","null","40","4.699999809","HUMULIN","62","medium","43","46","142","null","68","Buckingham","female","1321","720","170","218","124.0","52"],["3.890000105","90","null","40","3.599999905","LANTUS","68","medium","41","59","130","null","111","Louisa","male","4801","60","204","214","399.0","28"],["3.930000067","75","null","46","3.599999905","SYMLIN","71","medium","50","60","120","null","81","Buckingham","female","4506","210","223","217","287.0","22"],["3.930000067","75","null","46","3.599999905","HUMALOG","71","medium","50","60","120","null","81","Buckingham","female","4506","210","223","217","288.0","22"],["3.930000067","75","null","46","3.599999905","BYDUREON","71","medium","50","60","120","null","81","Buckingham","female","4506","210","223","217","286.0","22"],["3.930000067","75","null","46","3.599999905","HUMULIN","71","medium","50","60","120","null","81","Buckingham","female","4506","210","223","217","289.0","22"],["3.940000057","0","null","34","5.199999809","SYMLIN","59","medium","39","44","0","null","75","Buckingham","male","1015","1020","170","227","22.0","37"],["3.940000057","0","null","34","5.199999809","HUMALOG","59","medium","39","44","0","null","75","Buckingham","male","1015","1020","170","227","23.0","37"],["3.940000057","0","null","34","5.199999809","HUMULIN","59","medium","39","44","0","null","75","Buckingham","male","1015","1020","170","227","24.0","37"],["3.980000019","82","null","31","3.400000095","LANTUS","72","medium","39","52","138","null","70","L","male","4842","1170","170","179","484.0","34"],["3.980000019","82","null","31","3.400000095","SYMLIN","72","medium","39","52","138","null","70","L","male","4842","1170","170","179","486.0","34"],["3.980000019","82","null","31","3.400000095","HUMALOG","72","medium","39","52","138","null","70","L","male","4842","1170","170","179","487.0","34"],["3.980000019","82","null","31","3.400000095","BYDUREON","72","medium","39","52","138","null","70","L","male","4842","1170","170","179","485.0","34"],["3.980000019","82","null","31","3.400000095","HUMULIN","72","medium","39","52","138","null","70","L","male","4842","1170","170","179","488.0","34"],["3.99000001","0","null","31","5.0","TRADJENTA","0","","35","29","0","null","85","Bjc","female","2780","120","125","145","214.0","38"],["3.99000001","0","null","31","5.0","LANTUS","0","","35","29","0","null","85","Bjc","female","2780","120","125","145","215.0","38"],["3.99000001","0","null","31","5.0","SYMLIN","0","","35","29","0","null","85","Bjc","female","2780","120","125","145","217.0","38"],["3.99000001","0","null","31","5.0","HUMALOG","0","","35","29","0","null","85","Bjc","female","2780","120","125","145","218.0","38"],["3.99000001","0","null","31","5.0","BYDUREON","0","","35","29","0","null","85","Bjc","female","2780","120","125","145","216.0","38"],["4.010000229","62","null","39","3.900000095","BYDUREON","65","L","43","34","112","null","99","Buckingham","female","10001","180","169","132","500.0","21"],["4.010000229","62","null","39","3.900000095","LANTUS","65","L","43","34","112","null","99","Buckingham","female","10001","180","169","132","499.0","21"],["4.03000021","97","null","39","3.099999905","ONGLYZA","66","medium","44","60","140","null","81","Buckingham","female","1312","780","186","183","108.0","47"],["4.03000021","97","null","39","3.099999905","HUMULIN","66","medium","44","60","140","null","81","Buckingham","female","1312","780","186","183","106.0","47"],["4.03000021","97","null","39","3.099999905","INVOKANA","66","medium","44","60","140","null","81","Buckingham","female","1312","780","186","183","107.0","47"],["4.050000191","96","94","34","4.699999809","SYMLIN","69","large","39","39","136","130","79","Louisa","male","4793","600","154","184","381.0","41"],["4.050000191","96","94","34","4.699999809","LANTUS","69","large","39","39","136","130","79","Louisa","male","4793","600","154","184","379.0","41"],["4.050000191","96","94","34","4.699999809","HUMALOG","69","large","39","39","136","130","79","Louisa","male","4793","600","154","184","382.0","41"],["4.050000191","96","94","34","4.699999809","BYDUREON","69","large","39","39","136","130","79","Louisa","male","4793","600","154","184","380.0","41"],["4.050000191","96","94","34","4.699999809","HUMULIN","69","large","39","39","136","130","79","Louisa","male","4793","600","154","184","383.0","41"],["4.099999905","85","68","28","2.700000048","SYMLIN","63","medium","39","75","125","117","84","Louisa","female","4783","900","142","203","355.0","21"],["4.099999905","85","68","28","2.700000048","HUMALOG","63","medium","39","75","125","117","84","Louisa","female","4783","900","142","203","356.0","21"],["4.099999905","85","68","28","2.700000048","BYDUREON","63","medium","39","75","125","117","84","Louisa","female","4783","900","142","203","354.0","21"],["4.099999905","85","68","28","2.700000048","HUMULIN","63","medium","39","75","125","117","84","Louisa","female","4783","900","142","203","357.0","21"],["4.110000134","62","null","36","4.300000191","SYMLIN","66","large","41","53","121","null","76","L","male","4767","420","170","228","331.0","54"],["4.110000134","62","null","36","4.300000191","HUMALOG","66","large","41","53","121","null","76","L","male","4767","420","170","228","332.0","54"],["4.110000134","62","null","36","4.300000191","BYDUREON","66","large","41","53","121","null","76","L","male","4767","420","170","228","330.0","54"],["4.110000134","62","null","36","4.300000191","HUMULIN","66","large","41","53","121","null","76","L","male","4767","420","170","228","333.0","54"],["4.170000076","65","null","42","3.700000048","LANTUS","63","large","46","45","111","null","69","Louisa","female","4792","780","200","168","374.0","28"],["4.170000076","65","null","42","3.700000048","SYMLIN","63","large","46","45","111","null","69","Louisa","female","4792","780","200","168","376.0","28"],["4.170000076","65","null","42","3.700000048","HUMALOG","63","large","46","45","111","null","69","Louisa","female","4792","780","200","168","377.0","28"],["4.170000076","65","null","42","3.700000048","BYDUREON","63","large","46","45","111","null","69","Louisa","female","4792","780","200","168","375.0","28"],["4.170000076","65","null","42","3.700000048","HUMULIN","63","large","46","45","111","null","69","Louisa","female","4792","780","200","168","378.0","28"],["4.179999828","112","null","28","1.899999976","SYMLIN","72","small","36","92","144","null","80","Buckingham","female","1277","780","118","179","76.0","41"],["4.179999828","112","null","28","1.899999976","HUMALOG","72","small","36","92","144","null","80","Buckingham","female","1277","780","118","179","77.0","41"],["4.179999828","112","null","28","1.899999976","HUMULIN","72","small","36","92","144","null","80","Buckingham","female","1277","780","118","179","78.0","41"],["4.21999979","104","108","41","3.799999952","HUMALOG","72","large","44","74","158","158","83","Louisa","male","4818","330","227","283","432.0","26"],["4.21999979","104","108","41","3.799999952","BYDUREON","72","large","44","74","158","158","83","Louisa","male","4818","330","227","283","430.0","26"],["4.21999979","104","108","41","3.799999952","HUMULIN","72","large","44","74","158","158","83","Louisa","male","4818","330","227","283","433.0","26"],["4.21999979","104","108","41","3.799999952","SYMLIN","72","large","44","74","158","158","83","Louisa","male","4818","330","227","283","431.0","26"],["4.21999979","104","108","41","3.799999952","LANTUS","72","large","44","74","158","158","83","Louisa","male","4818","330","227","283","429.0","26"],["4.25","70","null","28","2.599999905","LANTUS","62","medium","35","85","120","null","75","Buckingham","female","2787","960","137","223","230.0","22"],["4.25","70","null","28","2.599999905","SYMLIN","62","medium","35","85","120","null","75","Buckingham","female","2787","960","137","223","232.0","22"],["4.25","78","84","37","3.400000095","INVOKANA","65","","41","58","158","140","82","Buckingham","male","2754","120","154","196","152.0","76"],["4.25","70","null","28","2.599999905","HUMALOG","62","medium","35","85","120","null","75","Buckingham","female","2787","960","137","223","233.0","22"],["4.25","70","null","28","2.599999905","BYDUREON","62","medium","35","85","120","null","75","Buckingham","female","2787","960","137","223","231.0","22"],["4.25","78","84","37","3.400000095","ONGLYZA","65","","41","58","158","140","82","Buckingham","male","2754","120","154","196","153.0","76"],["4.25","78","84","37","3.400000095","HUMULIN","65","","41","58","158","140","82","Buckingham","male","2754","120","154","196","151.0","76"],["4.25","70","null","28","2.599999905","TRADJENTA","62","medium","35","85","120","null","75","Buckingham","female","2787","960","137","223","229.0","22"],["4.269999981","90","null","28","2.400000095","TRADJENTA","64","small","32","60","120","null","77","Buckingham","female","2785","180","126","146","224.0","28"],["4.269999981","90","null","28","2.400000095","LANTUS","64","small","32","60","120","null","77","Buckingham","female","2785","180","126","146","225.0","28"],["4.269999981","90","null","28","2.400000095","SYMLIN","64","small","32","60","120","null","77","Buckingham","female","2785","180","126","146","227.0","28"],["4.269999981","90","null","28","2.400000095","HUMALOG","64","small","32","60","120","null","77","Buckingham","female","2785","180","126","146","228.0","28"],["4.269999981","90","null","28","2.400000095","BYDUREON","64","small","32","60","120","null","77","Buckingham","female","2785","180","126","146","226.0","28"],["4.28000021","85","null","27","0.0","SYMLIN","68","small","33","0","120","null","74","Buckingham","male","1281","510","100","0","82.0","48"],["4.28000021","85","null","27","0.0","HUMALOG","68","small","33","0","120","null","74","Buckingham","male","1281","510","100","0","83.0","48"],["4.28000021","85","null","27","0.0","HUMULIN","68","small","33","0","120","null","74","Buckingham","male","1281","510","100","0","84.0","48"],["4.289999962","120","110","36","3.200000048","HUMALOG","70","large","40","42","178","182","105","Buckingham","male","4501","240","173","134","284.0","48"],["4.289999962","120","110","36","3.200000048","BYDUREON","70","large","40","42","178","182","105","Buckingham","male","4501","240","173","134","282.0","48"],["4.289999962","120","110","36","3.200000048","HUMULIN","70","large","40","42","178","182","105","Buckingham","male","4501","240","173","134","285.0","48"],["4.289999962","120","110","36","3.200000048","SYMLIN","70","large","40","42","178","182","105","Buckingham","male","4501","240","173","134","283.0","48"],["4.309999943","59","null","29","3.599999905","BYDUREON","62","med","38","56","118","null","82","Buckingham","female","1000","720","121","203","3.0","46"],["4.309999943","90","84","36","3.299999952","SYMLIN","71","medium","40","48","136","126","91","Louisa","male","4795","45","180","158","391.0","50"],["4.309999943","90","84","36","3.299999952","LANTUS","71","medium","40","48","136","126","91","Louisa","male","4795","45","180","158","389.0","50"],["4.309999943","70","null","32","3.900000095","LANTUS","61","small","38","49","118","null","77","Louisa","female","4823","300","119","193","444.0","19"],["4.309999943","70","null","32","3.900000095","SYMLIN","61","small","38","49","118","null","77","Louisa","female","4823","300","119","193","446.0","19"],["4.309999943","59","null","29","3.599999905","TRADJENTA","62","med","38","56","118","null","82","Buckingham","female","1000","720","121","203","1.0","46"],["4.309999943","90","84","36","3.299999952","HUMALOG","71","medium","40","48","136","126","91","Louisa","male","4795","45","180","158","392.0","50"],["4.309999943","59","null","29","3.599999905","LANTUS","62","med","38","56","118","null","82","Buckingham","female","1000","720","121","203","2.0","46"],["4.309999943","90","84","36","3.299999952","BYDUREON","71","medium","40","48","136","126","91","Louisa","male","4795","45","180","158","390.0","50"],["4.309999943","70","null","32","3.900000095","HUMALOG","61","small","38","49","118","null","77","Louisa","female","4823","300","119","193","447.0","19"],["4.309999943","70","null","32","3.900000095","BYDUREON","61","small","38","49","118","null","77","Louisa","female","4823","300","119","193","445.0","19"],["4.309999943","90","84","36","3.299999952","HUMULIN","71","medium","40","48","136","126","91","Louisa","male","4795","45","180","158","393.0","50"],["4.309999943","70","null","32","3.900000095","HUMULIN","61","small","38","49","118","null","77","Louisa","female","4823","300","119","193","448.0","19"],["4.329999924","100","null","37","6.699999809","SYMLIN","65","medium","43","38","130","null","78","L","female","1037","180","183","255","49.0","50"],["4.329999924","100","null","37","6.699999809","HUMALOG","65","medium","43","38","130","null","78","L","female","1037","180","183","255","50.0","50"],["4.329999924","100","null","37","6.699999809","HUMULIN","65","medium","43","38","130","null","78","L","female","1037","180","183","255","51.0","50"],["4.360000134","80","null","31","2.700000048","HUMALOG","71","small","40","82","150","null","84","Buckingham","male","4835","120","156","225","472.0","41"],["4.360000134","80","null","31","2.700000048","BYDUREON","71","small","40","82","150","null","84","Buckingham","male","4835","120","156","225","470.0","41"],["4.360000134","80","null","31","2.700000048","HUMULIN","71","small","40","82","150","null","84","Buckingham","male","4835","120","156","225","473.0","41"],["4.360000134","80","null","31","2.700000048","SYMLIN","71","small","40","82","150","null","84","Buckingham","male","4835","120","156","225","471.0","41"],["4.360000134","80","null","31","2.700000048","LANTUS","71","small","40","82","150","null","84","Buckingham","male","4835","120","156","225","469.0","41"],["4.369999886","122","112","37","5.099999905","INVOKANA","70","medium","39","42","180","170","72","L","male","1285","450","189","215","89.0","40"],["4.369999886","122","112","37","5.099999905","ONGLYZA","70","medium","39","42","180","170","72","L","male","1285","450","189","215","90.0","40"],["4.369999886","122","112","37","5.099999905","HUMULIN","70","medium","39","42","180","170","72","L","male","1285","450","189","215","88.0","40"],["4.380000114","52","null","38","4.0","SYMLIN","64","medium","45","47","136","null","96","Louisa","female","4753","60","200","189","307.0","28"],["4.380000114","89","88","40","5.400000095","INVOKANA","67","large","42","42","149","136","83","Buckingham","male","1323","30","192","225","128.0","36"],["4.380000114","89","88","40","5.400000095","ONGLYZA","67","large","42","42","149","136","83","Buckingham","male","1323","30","192","225","129.0","36"],["4.380000114","89","88","40","5.400000095","HUMULIN","67","large","42","42","149","136","83","Buckingham","male","1323","30","192","225","127.0","36"],["4.380000114","52","null","38","4.0","HUMALOG","64","medium","45","47","136","null","96","Louisa","female","4753","60","200","189","308.0","28"],["4.380000114","52","null","38","4.0","BYDUREON","64","medium","45","47","136","null","96","Louisa","female","4753","60","200","189","306.0","28"],["4.380000114","52","null","38","4.0","HUMULIN","64","medium","45","47","136","null","96","Louisa","female","4753","60","200","189","309.0","28"],["4.389999866","70","null","37","2.700000048","LANTUS","64","medium","40","64","108","null","69","Buckingham","female","3750","120","161","170","260.0","20"],["4.389999866","70","null","37","2.700000048","SYMLIN","64","medium","40","64","108","null","69","Buckingham","female","3750","120","161","170","262.0","20"],["4.389999866","70","null","37","2.700000048","HUMALOG","64","medium","40","64","108","null","69","Buckingham","female","3750","120","161","170","263.0","20"],["4.389999866","70","null","37","2.700000048","BYDUREON","64","medium","40","64","108","null","69","Buckingham","female","3750","120","161","170","261.0","20"],["4.389999866","70","null","37","2.700000048","TRADJENTA","64","medium","40","64","108","null","69","Buckingham","female","3750","120","161","170","259.0","20"],["4.409999847","82","null","49","4.099999905","HUMULIN","64","medium","57","59","110","null","52","Buckingham","female","1501","90","233","243","136.0","37"],["4.409999847","105","100","32","5.300000191","LANTUS","70","small","35","51","150","150","85","Louisa","male","4840","120","120","268","474.0","48"],["4.409999847","105","100","32","5.300000191","SYMLIN","70","small","35","51","150","150","85","Louisa","male","4840","120","120","268","476.0","48"],["4.409999847","105","100","32","5.300000191","HUMALOG","70","small","35","51","150","150","85","Louisa","male","4840","120","120","268","477.0","48"],["4.409999847","105","100","32","5.300000191","BYDUREON","70","small","35","51","150","150","85","Louisa","male","4840","120","120","268","475.0","48"],["4.409999847","105","100","32","5.300000191","HUMULIN","70","small","35","51","150","150","85","Louisa","male","4840","120","120","268","478.0","48"],["4.409999847","82","null","49","4.099999905","INVOKANA","64","medium","57","59","110","null","52","Buckingham","female","1501","90","233","243","137.0","37"],["4.409999847","82","null","49","4.099999905","ONGLYZA","64","medium","57","59","110","null","52","Buckingham","female","1501","90","233","243","138.0","37"],["4.440000057","68","null","46","6.900000095","LANTUS","64","L","48","24","112","null","97","Buckingham","female","1001","360","218","165","5.0","29"],["4.440000057","60","60","31","2.5","HUMALOG","61","medium","33","69","160","160","131","Buckingham","female","2793","1020","102","173","243.0","76"],["4.440000057","60","60","31","2.5","BYDUREON","61","medium","33","69","160","160","131","Buckingham","female","2793","1020","102","173","241.0","76"],["4.440000057","68","null","46","6.900000095","BYDUREON","64","L","48","24","112","null","97","Buckingham","female","1001","360","218","165","6.0","29"],["4.440000057","60","60","31","2.5","TRADJENTA","61","medium","33","69","160","160","131","Buckingham","female","2793","1020","102","173","239.0","76"],["4.440000057","60","60","31","2.5","LANTUS","61","medium","33","69","160","160","131","Buckingham","female","2793","1020","102","173","240.0","76"],["4.440000057","60","60","31","2.5","SYMLIN","61","medium","33","69","160","160","131","Buckingham","female","2793","1020","102","173","242.0","76"],["4.440000057","68","null","46","6.900000095","TRADJENTA","64","L","48","24","112","null","97","Buckingham","female","1001","360","218","165","4.0","29"],["4.46999979","90","null","29","4.199999809","INVOKANA","68","large","35","43","130","null","85","Buckingham","male","1303","780","139","182","95.0","52"],["4.46999979","80","null","35","6.599999905","SYMLIN","60","med","41","36","130","null","75","Louisa","female","1030","720","170","238","37.0","27"],["4.46999979","90","null","29","4.199999809","ONGLYZA","68","large","35","43","130","null","85","Buckingham","male","1303","780","139","182","96.0","52"],["4.46999979","90","null","29","4.199999809","HUMULIN","68","large","35","43","130","null","85","Buckingham","male","1303","780","139","182","94.0","52"],["4.46999979","80","null","35","6.599999905","HUMALOG","60","med","41","36","130","null","75","Louisa","female","1030","720","170","238","38.0","27"],["4.46999979","80","null","35","6.599999905","HUMULIN","60","med","41","36","130","null","75","Louisa","female","1030","720","170","238","39.0","27"],["4.519999981","70","null","31","4.900000095","INVOKANA","62","medium","38","52","125","null","84","Buckingham","female","1282","720","145","254","86.0","43"],["4.519999981","70","null","31","4.900000095","ONGLYZA","62","medium","38","52","125","null","84","Buckingham","female","1282","720","145","254","87.0","43"],["4.519999981","70","null","31","4.900000095","HUMULIN","62","medium","38","52","125","null","84","Buckingham","female","1282","720","145","254","85.0","43"],["4.53000021","90","null","31","3.599999905","HUMALOG","67","med","39","64","100","null","112","Louisa","male","1041","1440","159","230","53.0","20"],["4.53000021","90","null","31","3.599999905","HUMULIN","67","med","39","64","100","null","112","Louisa","male","1041","1440","159","230","54.0","20"],["4.53000021","90","null","31","3.599999905","SYMLIN","67","med","39","64","100","null","112","Louisa","male","1041","1440","159","230","52.0","20"],["4.559999943","86","null","39","6.0","LANTUS","64","large","44","39","124","null","92","Buckingham","female","2758","270","167","233","165.0","45"],["4.559999943","86","null","39","6.0","SYMLIN","64","large","44","39","124","null","92","Buckingham","female","2758","270","167","233","167.0","45"],["4.559999943","86","null","39","6.0","HUMALOG","64","large","44","39","124","null","92","Buckingham","female","2758","270","167","233","168.0","45"],["4.559999943","86","null","39","6.0","BYDUREON","64","large","44","39","124","null","92","Buckingham","female","2758","270","167","233","166.0","45"],["4.559999943","86","null","39","6.0","TRADJENTA","64","large","44","39","124","null","92","Buckingham","female","2758","270","167","233","164.0","45"],["4.579999924","85","null","35","2.700000048","INVOKANA","66","L","40","51","105","null","81","Bjc","female","1317","720","160","136","122.0","22"],["4.579999924","85","null","35","2.700000048","ONGLYZA","66","L","40","51","105","null","81","Bjc","female","1317","720","160","136","123.0","22"],["4.579999924","85","null","35","2.700000048","HUMULIN","66","L","40","51","105","null","81","Bjc","female","1317","720","160","136","121.0","22"],["4.590000153","94","80","41","3.200000048","TRADJENTA","71","medium","39","54","138","140","92","Buckingham","male","2795","240","214","171","249.0","40"],["4.590000153","0","null","37","4.0","SYMLIN","59","medium","43","46","0","null","79","Louisa","female","1031","60","165","183","40.0","40"],["4.590000153","94","80","41","3.200000048","LANTUS","71","medium","39","54","138","140","92","Buckingham","male","2795","240","214","171","250.0","40"],["4.590000153","94","80","41","3.200000048","SYMLIN","71","medium","39","54","138","140","92","Buckingham","male","2795","240","214","171","252.0","40"],["4.590000153","0","null","37","4.0","HUMALOG","59","medium","43","46","0","null","79","Louisa","female","1031","60","165","183","41.0","40"],["4.590000153","94","80","41","3.200000048","HUMALOG","71","medium","39","54","138","140","92","Buckingham","male","2795","240","214","171","253.0","40"],["4.590000153","94","80","41","3.200000048","BYDUREON","71","medium","39","54","138","140","92","Buckingham","male","2795","240","214","171","251.0","40"],["4.590000153","0","null","37","4.0","HUMULIN","59","medium","43","46","0","null","79","Louisa","female","1031","60","165","183","42.0","40"],["4.610000134","88","null","34","5.699999809","HUMALOG","73","medium","39","34","131","null","80","Buckingham","male","4825","30","175","194","452.0","63"],["4.610000134","88","null","34","5.699999809","BYDUREON","73","medium","39","34","131","null","80","Buckingham","male","4825","30","175","194","450.0","63"],["4.610000134","88","null","34","5.699999809","HUMULIN","73","medium","39","34","131","null","80","Buckingham","male","4825","30","175","194","453.0","63"],["4.610000134","70","70","33","5.099999905","SYMLIN","61","med","38","45","100","110","66","Buckingham","female","1271","210","113","228","73.0","24"],["4.610000134","88","null","34","5.699999809","SYMLIN","73","medium","39","34","131","null","80","Buckingham","male","4825","30","175","194","451.0","63"],["4.610000134","70","70","33","5.099999905","HUMALOG","61","med","38","45","100","110","66","Buckingham","female","1271","210","113","228","74.0","24"],["4.610000134","88","null","34","5.699999809","LANTUS","73","medium","39","34","131","null","80","Buckingham","male","4825","30","175","194","449.0","63"],["4.610000134","70","70","33","5.099999905","HUMULIN","61","med","38","45","100","110","66","Buckingham","female","1271","210","113","228","75.0","24"],["4.630000114","50","null","33","6.5","TRADJENTA","67","large","38","12","110","null","93","Buckingham","male","1003","480","119","78","10.0","67"],["4.630000114","50","null","33","6.5","LANTUS","67","large","38","12","110","null","93","Buckingham","male","1003","480","119","78","11.0","67"],["4.630000114","50","null","33","6.5","BYDUREON","67","large","38","12","110","null","93","Buckingham","male","1003","480","119","78","12.0","67"],["4.639999866","92","92","49","6.199999809","LANTUS","61","large","57","37","190","185","92","Buckingham","female","1002","180","256","228","8.0","58"],["4.639999866","92","92","49","6.199999809","BYDUREON","61","large","57","37","190","185","92","Buckingham","female","1002","180","256","228","9.0","58"],["4.639999866","92","92","49","6.199999809","TRADJENTA","61","large","57","37","190","185","92","Buckingham","female","1002","180","256","228","7.0","58"],["4.659999847","90","null","39","6.800000191","HUMALOG","70","","44","36","132","null","101","Buckingham","male","4813","0","212","244","427.0","32"],["4.659999847","90","null","39","6.800000191","BYDUREON","70","","44","36","132","null","101","Buckingham","male","4813","0","212","244","425.0","32"],["4.659999847","90","null","39","6.800000191","HUMULIN","70","","44","36","132","null","101","Buckingham","male","4813","0","212","244","428.0","32"],["4.659999847","90","null","39","6.800000191","LANTUS","70","","44","36","132","null","101","Buckingham","male","4813","0","212","244","424.0","32"],["4.659999847","90","null","39","6.800000191","SYMLIN","70","","44","36","132","null","101","Buckingham","male","4813","0","212","244","426.0","32"],["4.670000076","66","null","36","6.400000095","HUMALOG","69","medium","40","30","100","null","76","Louisa","male","1035","225","183","191","44.0","36"],["4.670000076","66","null","36","6.400000095","HUMULIN","69","medium","40","30","100","null","76","Louisa","male","1035","225","183","191","45.0","36"],["4.670000076","100","110","45","3.099999905","SYMLIN","67","large","46","76","137","149","65","Buckingham","male","1253","480","230","234","64.0","47"],["4.670000076","66","null","36","6.400000095","SYMLIN","69","medium","40","30","100","null","76","Louisa","male","1035","225","183","191","43.0","36"],["4.670000076","100","110","45","3.099999905","HUMALOG","67","large","46","76","137","149","65","Buckingham","male","1253","480","230","234","65.0","47"],["4.670000076","100","110","45","3.099999905","HUMULIN","67","large","46","76","137","149","65","Buckingham","male","1253","480","230","234","66.0","47"],["4.769999981","90","90","39","4.5","HUMALOG","65","medium","45","54","130","130","82","L","female","1024","300","156","242","32.0","60"],["4.769999981","90","90","39","4.5","HUMULIN","65","medium","45","54","130","130","82","L","female","1024","300","156","242","33.0","60"],["4.769999981","90","90","39","4.5","SYMLIN","65","medium","45","54","130","130","82","L","female","1024","300","156","242","31.0","60"],["4.789999962","72","null","29","3.799999952","HUMALOG","59","medium","39","63","112","null","86","Louisa","female","4786","1560","139","241","360.0","41"],["4.789999962","72","null","29","3.799999952","BYDUREON","59","medium","39","63","112","null","86","Louisa","female","4786","1560","139","241","358.0","41"],["4.789999962","72","null","29","3.799999952","HUMULIN","59","medium","39","63","112","null","86","Louisa","female","4786","1560","139","241","361.0","41"],["4.789999962","72","null","29","3.799999952","SYMLIN","59","medium","39","63","112","null","86","Louisa","female","4786","1560","139","241","359.0","41"],["4.809999943","86","null","36","3.599999905","BYDUREON","71","large","42","69","132","null","94","Buckingham","male","1008","195","190","248","18.0","34"],["4.809999943","86","null","36","3.599999905","TRADJENTA","71","large","42","69","132","null","94","Buckingham","male","1008","195","190","248","16.0","34"],["4.809999943","86","null","36","3.599999905","LANTUS","71","large","42","69","132","null","94","Buckingham","male","1008","195","190","248","17.0","34"],["4.820000172","68","null","37","4.5","HUMALOG","67","large","41","46","119","null","85","Louisa","male","4759","780","178","206","316.0","67"],["4.820000172","68","null","37","4.5","BYDUREON","67","large","41","46","119","null","85","Louisa","male","4759","780","178","206","314.0","67"],["4.820000172","68","null","37","4.5","HUMULIN","67","large","41","46","119","null","85","Louisa","male","4759","780","178","206","317.0","67"],["4.820000172","68","null","37","4.5","SYMLIN","67","large","41","46","119","null","85","Louisa","male","4759","780","178","206","315.0","67"],["4.829999924","78","null","32","3.200000048","LANTUS","76","small","40","58","124","null","76","Buckingham","male","10000","720","164","185","494.0","23"],["4.829999924","78","null","32","3.200000048","SYMLIN","76","small","40","58","124","null","76","Buckingham","male","10000","720","164","185","496.0","23"],["4.829999924","78","null","32","3.200000048","HUMALOG","76","small","40","58","124","null","76","Buckingham","male","10000","720","164","185","497.0","23"],["4.829999924","78","null","32","3.200000048","BYDUREON","76","small","40","58","124","null","76","Buckingham","male","10000","720","164","185","495.0","23"],["4.829999924","78","null","32","3.200000048","HUMULIN","76","small","40","58","124","null","76","Buckingham","male","10000","720","164","185","498.0","23"],["4.840000153","112","112","46","4.800000191","BYDUREON","69","medium","49","41","161","161","92","Buckingham","male","1011","720","191","195","21.0","30"],["4.840000153","80","86","34","3.599999905","HUMULIN","69","L","40","49","160","128","87","Bjc","male","1016","300","166","177","27.0","45"],["4.840000153","90","null","35","2.900000095","HUMALOG","67","medium","44","70","110","null","62","Louisa","female","4780","10","185","204","352.0","27"],["4.840000153","90","null","35","2.900000095","BYDUREON","67","medium","44","70","110","null","62","Louisa","female","4780","10","185","204","350.0","27"],["4.840000153","100","null","41","5.400000095","HUMALOG","73","medium","42","40","145","null","88","Buckingham","male","4517","270","219","217","296.0","34"],["4.840000153","100","null","41","5.400000095","BYDUREON","73","medium","42","40","145","null","88","Buckingham","male","4517","270","219","217","294.0","34"],["4.840000153","90","null","35","2.900000095","HUMULIN","67","medium","44","70","110","null","62","Louisa","female","4780","10","185","204","353.0","27"],["4.840000153","100","null","41","5.400000095","HUMULIN","73","medium","42","40","145","null","88","Buckingham","male","4517","270","219","217","297.0","34"],["4.840000153","112","112","46","4.800000191","TRADJENTA","69","medium","49","41","161","161","92","Buckingham","male","1011","720","191","195","19.0","30"],["4.840000153","80","86","34","3.599999905","SYMLIN","69","L","40","49","160","128","87","Bjc","male","1016","300","166","177","25.0","45"],["4.840000153","112","112","46","4.800000191","LANTUS","69","medium","49","41","161","161","92","Buckingham","male","1011","720","191","195","20.0","30"],["4.840000153","90","null","35","2.900000095","SYMLIN","67","medium","44","70","110","null","62","Louisa","female","4780","10","185","204","351.0","27"],["4.840000153","100","null","41","5.400000095","SYMLIN","73","medium","42","40","145","null","88","Buckingham","male","4517","270","219","217","295.0","34"],["4.840000153","80","86","34","3.599999905","HUMALOG","69","L","40","49","160","128","87","Bjc","male","1016","300","166","177","26.0","45"],["4.860000134","64","null","37","3.099999905","HUMULIN","62","medium","42","74","125","null","95","Louisa","female","4763","660","151","229","329.0","65"],["4.860000134","80","null","40","2.599999905","HUMALOG","62","medium","49","72","120","null","75","Louisa","female","4761","840","205","189","324.0","49"],["4.860000134","80","null","40","2.599999905","BYDUREON","62","medium","49","72","120","null","75","Louisa","female","4761","840","205","189","322.0","49"],["4.860000134","80","null","40","2.599999905","HUMULIN","62","medium","49","72","120","null","75","Louisa","female","4761","840","205","189","325.0","49"],["4.860000134","64","null","37","3.099999905","SYMLIN","62","medium","42","74","125","null","95","Louisa","female","4763","660","151","229","327.0","65"],["4.860000134","80","null","40","2.599999905","SYMLIN","62","medium","49","72","120","null","75","Louisa","female","4761","840","205","189","323.0","49"],["4.860000134","64","null","37","3.099999905","HUMALOG","62","medium","42","74","125","null","95","Louisa","female","4763","660","151","229","328.0","65"],["4.860000134","64","null","37","3.099999905","BYDUREON","62","medium","42","74","125","null","95","Louisa","female","4763","660","151","229","326.0","65"],["4.96999979","68","null","42","6.300000191","HUMULIN","58","medium","50","34","102","null","128","Louisa","female","1029","90","195","215","36.0","38"],["4.96999979","68","null","42","6.300000191","SYMLIN","58","medium","50","34","102","null","128","Louisa","female","1029","90","195","215","34.0","38"],["4.96999979","68","null","42","6.300000191","HUMALOG","58","medium","50","34","102","null","128","Louisa","female","1029","90","195","215","35.0","38"],["4.980000019","82","null","51","2.400000095","LANTUS","62","large","51","69","160","null","94","Buckingham","female","2770","180","217","165","185.0","92"],["4.980000019","82","null","51","2.400000095","SYMLIN","62","large","51","69","160","null","94","Buckingham","female","2770","180","217","165","187.0","92"],["4.980000019","82","null","51","2.400000095","HUMALOG","62","large","51","69","160","null","94","Buckingham","female","2770","180","217","165","188.0","92"],["4.980000019","82","null","51","2.400000095","BYDUREON","62","large","51","69","160","null","94","Buckingham","female","2770","180","217","165","186.0","92"],["4.980000019","82","null","51","2.400000095","TRADJENTA","62","large","51","69","160","null","94","Buckingham","female","2770","180","217","165","184.0","92"],["5.019999981","79","null","34","3.700000048","SYMLIN","68","large","40","43","138","null","88","Louisa","male","4770","690","169","159","335.0","38"],["5.019999981","79","null","34","3.700000048","HUMALOG","68","large","40","43","138","null","88","Louisa","male","4770","690","169","159","336.0","38"],["5.019999981","79","null","34","3.700000048","BYDUREON","68","large","40","43","138","null","88","Louisa","male","4770","690","169","159","334.0","38"],["5.019999981","79","null","34","3.700000048","HUMULIN","68","large","40","43","138","null","88","Louisa","male","4770","690","169","159","337.0","38"],["5.070000172","72","null","36","4.0","HUMALOG","68","L","43","44","119","null","125","L","male","4776","60","198","174","348.0","67"],["5.070000172","72","null","36","4.0","BYDUREON","68","L","43","44","119","null","125","L","male","4776","60","198","174","346.0","67"],["5.070000172","72","null","36","4.0","HUMULIN","68","L","43","44","119","null","125","L","male","4776","60","198","174","349.0","67"],["5.070000172","72","null","36","4.0","SYMLIN","68","L","43","44","119","null","125","L","male","4776","60","198","174","347.0","67"],["5.099999905","95","null","43","7.699999809","HUMALOG","68","large","47","30","140","null","87","Bjc","male","1280","420","252","232","80.0","37"],["5.099999905","95","null","43","7.699999809","HUMULIN","68","large","47","30","140","null","87","Bjc","male","1280","420","252","232","81.0","37"],["5.099999905","95","null","43","7.699999809","SYMLIN","68","large","47","30","140","null","87","Bjc","male","1280","420","252","232","79.0","37"],["5.110000134","94","89","37","4.900000095","INVOKANA","65","medium","40","36","146","139","101","Buckingham","female","1301","540","174","177","92.0","42"],["5.110000134","64","null","29","4.0","SYMLIN","61","small","30","42","103","null","106","Louisa","female","4772","120","110","170","343.0","41"],["5.110000134","94","89","37","4.900000095","ONGLYZA","65","medium","40","36","146","139","101","Buckingham","female","1301","540","174","177","93.0","42"],["5.110000134","94","89","37","4.900000095","HUMULIN","65","medium","40","36","146","139","101","Buckingham","female","1301","540","174","177","91.0","42"],["5.110000134","64","null","29","4.0","HUMALOG","61","small","30","42","103","null","106","Louisa","female","4772","120","110","170","344.0","41"],["5.110000134","64","null","29","4.0","BYDUREON","61","small","30","42","103","null","106","Louisa","female","4772","120","110","170","342.0","41"],["5.110000134","64","null","29","4.0","HUMULIN","61","small","30","42","103","null","106","Louisa","female","4772","120","110","170","345.0","41"],["5.150000095","92","98","40","3.900000095","SYMLIN","65","large","50","37","160","150","91","Louisa","female","4789","20","220","143","367.0","61"],["5.150000095","92","98","40","3.900000095","HUMALOG","65","large","50","37","160","150","91","Louisa","female","4789","20","220","143","368.0","61"],["5.150000095","92","98","40","3.900000095","BYDUREON","65","large","50","37","160","150","91","Louisa","female","4789","20","220","143","366.0","61"],["5.150000095","92","98","40","3.900000095","HUMULIN","65","large","50","37","160","150","91","Louisa","female","4789","20","220","143","369.0","61"],["5.170000076","82","null","31","2.400000095","HUMULIN","69","small","38","76","138","null","74","Louisa","male","4821","60","150","186","438.0","36"],["5.170000076","90","null","41","3.099999905","LANTUS","67","medium","42","94","110","null","85","Louisa","female","4802","240","200","293","404.0","31"],["5.170000076","90","null","41","3.099999905","SYMLIN","67","medium","42","94","110","null","85","Louisa","female","4802","240","200","293","406.0","31"],["5.170000076","90","null","41","3.099999905","HUMALOG","67","medium","42","94","110","null","85","Louisa","female","4802","240","200","293","407.0","31"],["5.170000076","90","null","41","3.099999905","BYDUREON","67","medium","42","94","110","null","85","Louisa","female","4802","240","200","293","405.0","31"],["5.170000076","82","null","31","2.400000095","LANTUS","69","small","38","76","138","null","74","Louisa","male","4821","60","150","186","434.0","36"],["5.170000076","82","null","31","2.400000095","SYMLIN","69","small","38","76","138","null","74","Louisa","male","4821","60","150","186","436.0","36"],["5.170000076","90","null","41","3.099999905","HUMULIN","67","medium","42","94","110","null","85","Louisa","female","4802","240","200","293","408.0","31"],["5.170000076","82","null","31","2.400000095","HUMALOG","69","small","38","76","138","null","74","Louisa","male","4821","60","150","186","437.0","36"],["5.170000076","82","null","31","2.400000095","BYDUREON","69","small","38","76","138","null","74","Louisa","male","4821","60","150","186","435.0","36"],["5.179999828","78","null","40","6.800000191","BYDUREON","67","small","44","44","138","null","103","Louisa","female","4750","10","169","300","298.0","61"],["5.179999828","78","null","40","6.800000191","HUMALOG","67","small","44","44","138","null","103","Louisa","female","4750","10","169","300","300.0","61"],["5.179999828","78","null","40","6.800000191","HUMULIN","67","small","44","44","138","null","103","Louisa","female","4750","10","169","300","301.0","61"],["5.179999828","78","null","40","6.800000191","SYMLIN","67","small","44","44","138","null","103","Louisa","female","4750","10","169","300","299.0","61"],["5.199999809","98","92","43","2.599999905","HUMALOG","68","medium","54","69","142","130","84","Buckingham","female","3751","240","264","180","268.0","40"],["5.199999809","81","null","38","3.299999952","HUMALOG","68","large","41","61","141","null","128","Buckingham","male","2765","540","180","204","183.0","62"],["5.199999809","98","92","43","2.599999905","BYDUREON","68","medium","54","69","142","130","84","Buckingham","female","3751","240","264","180","266.0","40"],["5.199999809","81","null","38","3.299999952","BYDUREON","68","large","41","61","141","null","128","Buckingham","male","2765","540","180","204","181.0","62"],["5.199999809","98","92","43","2.599999905","TRADJENTA","68","medium","54","69","142","130","84","Buckingham","female","3751","240","264","180","264.0","40"],["5.199999809","81","null","38","3.299999952","TRADJENTA","68","large","41","61","141","null","128","Buckingham","male","2765","540","180","204","179.0","62"],["5.199999809","98","92","43","2.599999905","LANTUS","68","medium","54","69","142","130","84","Buckingham","female","3751","240","264","180","265.0","40"],["5.199999809","81","null","38","3.299999952","LANTUS","68","large","41","61","141","null","128","Buckingham","male","2765","540","180","204","180.0","62"],["5.199999809","81","null","38","3.299999952","SYMLIN","68","large","41","61","141","null","128","Buckingham","male","2765","540","180","204","182.0","62"],["5.199999809","98","92","43","2.599999905","SYMLIN","68","medium","54","69","142","130","84","Buckingham","female","3751","240","264","180","267.0","40"],["5.230000019","75","null","44","4.099999905","LANTUS","69","L","47","40","126","null","86","Buckingham","female","3250","420","245","164","255.0","23"],["5.230000019","75","null","44","4.099999905","SYMLIN","69","L","47","40","126","null","86","Buckingham","female","3250","420","245","164","257.0","23"],["5.230000019","79","null","34","3.0","TRADJENTA","70","medium","40","59","130","null","78","Buckingham","male","2777","720","161","178","204.0","36"],["5.230000019","79","null","34","3.0","LANTUS","70","medium","40","59","130","null","78","Buckingham","male","2777","720","161","178","205.0","36"],["5.230000019","75","null","44","4.099999905","HUMALOG","69","L","47","40","126","null","86","Buckingham","female","3250","420","245","164","258.0","23"],["5.230000019","79","null","34","3.0","SYMLIN","70","medium","40","59","130","null","78","Buckingham","male","2777","720","161","178","207.0","36"],["5.230000019","75","null","44","4.099999905","BYDUREON","69","L","47","40","126","null","86","Buckingham","female","3250","420","245","164","256.0","23"],["5.230000019","75","null","44","4.099999905","TRADJENTA","69","L","47","40","126","null","86","Buckingham","female","3250","420","245","164","254.0","23"],["5.230000019","79","null","34","3.0","HUMALOG","70","medium","40","59","130","null","78","Buckingham","male","2777","720","161","178","208.0","36"],["5.230000019","79","null","34","3.0","BYDUREON","70","medium","40","59","130","null","78","Buckingham","male","2777","720","161","178","206.0","36"],["5.28000021","76","null","30","5.400000095","HUMALOG","64","medium","34","36","110","null","81","Louisa","male","1045","120","126","194","56.0","36"],["5.28000021","72","null","37","3.599999905","HUMALOG","61","medium","40","52","147","null","84","Louisa","female","4758","420","145","185","312.0","53"],["5.28000021","72","null","37","3.599999905","BYDUREON","61","medium","40","52","147","null","84","Louisa","female","4758","420","145","185","310.0","53"],["5.28000021","76","null","30","5.400000095","HUMULIN","64","medium","34","36","110","null","81","Louisa","male","1045","120","126","194","57.0","36"],["5.28000021","72","null","37","3.599999905","HUMULIN","61","medium","40","52","147","null","84","Louisa","female","4758","420","145","185","313.0","53"],["5.28000021","76","null","30","5.400000095","SYMLIN","64","medium","34","36","110","null","81","Louisa","male","1045","120","126","194","55.0","36"],["5.28000021","72","null","37","3.599999905","SYMLIN","61","medium","40","52","147","null","84","Louisa","female","4758","420","145","185","311.0","53"],["5.349999905","90","null","36","5.800000191","HUMALOG","64","medium","46","41","104","null","87","Buckingham","female","2756","240","181","237","158.0","43"],["5.349999905","90","null","36","5.800000191","BYDUREON","64","medium","46","41","104","null","87","Buckingham","female","2756","240","181","237","156.0","43"],["5.349999905","99","89","51","5.099999905","LANTUS","70","large","64","34","159","150","173","Buckingham","male","4833","210","263","174","464.0","50"],["5.349999905","99","89","51","5.099999905","SYMLIN","70","large","64","34","159","150","173","Buckingham","male","4833","210","263","174","466.0","50"],["5.349999905","90","null","36","5.800000191","TRADJENTA","64","medium","46","41","104","null","87","Buckingham","female","2756","240","181","237","154.0","43"],["5.349999905","99","89","51","5.099999905","HUMALOG","70","large","64","34","159","150","173","Buckingham","male","4833","210","263","174","467.0","50"],["5.349999905","99","89","51","5.099999905","BYDUREON","70","large","64","34","159","150","173","Buckingham","male","4833","210","263","174","465.0","50"],["5.349999905","90","null","36","5.800000191","LANTUS","64","medium","46","41","104","null","87","Buckingham","female","2756","240","181","237","155.0","43"],["5.349999905","90","null","36","5.800000191","SYMLIN","64","medium","46","41","104","null","87","Buckingham","female","2756","240","181","237","157.0","43"],["5.349999905","99","89","51","5.099999905","HUMULIN","70","large","64","34","159","150","173","Buckingham","male","4833","210","263","174","468.0","50"],["5.440000057","84","null","42","4.099999905","LANTUS","61","large","51","48","136","null","130","Louisa","female","4794","10","203","199","384.0","37"],["5.440000057","84","null","42","4.099999905","SYMLIN","61","large","51","48","136","null","130","Louisa","female","4794","10","203","199","386.0","37"],["5.440000057","84","null","42","4.099999905","HUMALOG","61","large","51","48","136","null","130","Louisa","female","4794","10","203","199","387.0","37"],["5.440000057","84","null","42","4.099999905","BYDUREON","61","large","51","48","136","null","130","Louisa","female","4794","10","203","199","385.0","37"],["5.440000057","84","null","42","4.099999905","HUMULIN","61","large","51","48","136","null","130","Louisa","female","4794","10","203","199","388.0","37"],["5.46999979","86","null","37","4.599999905","HUMALOG","62","medium","45","53","130","null","108","Buckingham","female","4500","180","183","242","280.0","46"],["5.46999979","86","null","37","4.599999905","BYDUREON","62","medium","45","53","130","null","108","Buckingham","female","4500","180","183","242","278.0","46"],["5.46999979","86","null","37","4.599999905","HUMULIN","62","medium","45","53","130","null","108","Buckingham","female","4500","180","183","242","281.0","46"],["5.46999979","86","null","37","4.599999905","SYMLIN","62","medium","45","53","130","null","108","Buckingham","female","4500","180","183","242","279.0","46"],["5.519999981","76","null","38","5.699999809","SYMLIN","73","small","41","38","120","null","87","Louisa","male","4751","210","200","218","303.0","40"],["5.519999981","76","null","38","5.699999809","HUMALOG","73","small","41","38","120","null","87","Louisa","male","4751","210","200","218","304.0","40"],["5.519999981","76","null","38","5.699999809","BYDUREON","73","small","41","38","120","null","87","Louisa","male","4751","210","200","218","302.0","40"],["5.519999981","76","null","38","5.699999809","HUMULIN","73","small","41","38","120","null","87","Louisa","male","4751","210","200","218","305.0","40"],["5.559999943","88","88","48","6.900000095","HUMALOG","62","large","44","41","158","160","92","Buckingham","female","1256","285","185","281","71.0","66"],["5.559999943","88","88","48","6.900000095","HUMULIN","62","large","44","41","158","160","92","Buckingham","female","1256","285","185","281","72.0","66"],["5.559999943","88","88","48","6.900000095","SYMLIN","62","large","44","41","158","160","92","Buckingham","female","1256","285","185","281","70.0","66"],["5.570000172","82","78","43","3.299999952","ONGLYZA","66","medium","52","47","150","142","74","Buckingham","female","2753","360","219","157","150.0","55"],["5.570000172","82","78","43","3.299999952","HUMULIN","66","medium","52","47","150","142","74","Buckingham","female","2753","360","219","157","148.0","55"],["5.570000172","82","78","43","3.299999952","INVOKANA","66","medium","52","47","150","142","74","Buckingham","female","2753","360","219","157","149.0","55"],["5.659999847","86","90","49","4.900000095","INVOKANA","69","medium","43","37","176","180","85","Buckingham","female","1305","330","174","182","101.0","61"],["5.659999847","86","90","49","4.900000095","ONGLYZA","69","medium","43","37","176","180","85","Buckingham","female","1305","330","174","182","102.0","61"],["5.659999847","86","90","49","4.900000095","HUMULIN","69","medium","43","37","176","180","85","Buckingham","female","1305","330","174","182","100.0","61"],["5.710000038","90","88","35","5.199999809","SYMLIN","59","medium","40","44","150","156","105","Louisa","female","4803","300","125","227","411.0","83"],["5.710000038","90","88","35","5.199999809","LANTUS","59","medium","40","44","150","156","105","Louisa","female","4803","300","125","227","409.0","83"],["5.710000038","90","88","35","5.199999809","HUMALOG","59","medium","40","44","150","156","105","Louisa","female","4803","300","125","227","412.0","83"],["5.710000038","90","88","35","5.199999809","BYDUREON","59","medium","40","44","150","156","105","Louisa","female","4803","300","125","227","410.0","83"],["5.710000038","90","88","35","5.199999809","HUMULIN","59","medium","40","44","150","156","105","Louisa","female","4803","300","125","227","413.0","83"],["5.78000021","72","null","45","6.599999905","SYMLIN","63","small","50","40","108","null","89","Buckingham","female","1022","240","202","263","28.0","55"],["5.78000021","72","null","45","6.599999905","HUMALOG","63","small","50","40","108","null","89","Buckingham","female","1022","240","202","263","29.0","55"],["5.78000021","72","null","45","6.599999905","HUMULIN","63","small","50","40","108","null","89","Buckingham","female","1022","240","202","263","30.0","55"],["5.960000038","60","null","40","5.300000191","INVOKANA","59","large","40","40","130","null","76","Buckingham","female","1500","90","137","213","134.0","72"],["5.960000038","60","null","40","5.300000191","ONGLYZA","59","large","40","40","130","null","76","Buckingham","female","1500","90","137","213","135.0","72"],["5.960000038","60","null","40","5.300000191","HUMULIN","59","large","40","40","130","null","76","Buckingham","female","1500","90","137","213","133.0","72"],["6.110000134","90","null","31","2.799999952","TRADJENTA","75","small","35","74","140","null","57","Buckingham","male","3752","300","142","204","269.0","52"],["6.110000134","90","null","31","2.799999952","LANTUS","75","small","35","74","140","null","57","Buckingham","male","3752","300","142","204","270.0","52"],["6.110000134","90","null","31","2.799999952","SYMLIN","75","small","35","74","140","null","57","Buckingham","male","3752","300","142","204","272.0","52"],["6.110000134","90","null","31","2.799999952","HUMALOG","75","small","35","74","140","null","57","Buckingham","male","3752","300","142","204","273.0","52"],["6.110000134","90","null","31","2.799999952","BYDUREON","75","small","35","74","140","null","57","Buckingham","male","3752","300","142","204","271.0","52"],["6.139999866","65","null","42","10.60000038","INVOKANA","67","medium","42","14","140","null","193","Buckingham","female","1502","150","165","148","140.0","54"],["6.139999866","65","null","42","10.60000038","ONGLYZA","67","medium","42","14","140","null","193","Buckingham","female","1502","150","165","148","141.0","54"],["6.139999866","65","null","42","10.60000038","HUMULIN","67","medium","42","14","140","null","193","Buckingham","female","1502","150","165","148","139.0","54"],["6.139999866","82","null","40","3.299999952","INVOKANA","65","medium","44","51","106","null","85","Buckingham","female","2750","780","180","169","146.0","40"],["6.139999866","82","null","40","3.299999952","ONGLYZA","65","medium","44","51","106","null","85","Buckingham","female","2750","780","180","169","147.0","40"],["6.139999866","82","null","40","3.299999952","HUMULIN","65","medium","44","51","106","null","85","Buckingham","female","2750","780","180","169","145.0","40"],["6.210000038","64","null","31","3.0","ONGLYZA","71","medium","36","57","124","null","80","Buckingham","male","1315","30","145","173","117.0","57"],["6.210000038","64","null","31","3.0","HUMULIN","71","medium","36","57","124","null","80","Buckingham","male","1315","30","145","173","115.0","57"],["6.210000038","64","null","31","3.0","INVOKANA","71","medium","36","57","124","null","80","Buckingham","male","1315","30","145","173","116.0","57"],["6.329999924","94","96","43","4.699999809","HUMALOG","61","large","47","45","158","149","97","Buckingham","female","2757","360","187","212","163.0","65"],["6.329999924","94","96","43","4.699999809","BYDUREON","61","large","47","45","158","149","97","Buckingham","female","2757","360","187","212","161.0","65"],["6.329999924","94","96","43","4.699999809","TRADJENTA","61","large","47","45","158","149","97","Buckingham","female","2757","360","187","212","159.0","65"],["6.329999924","94","96","43","4.699999809","LANTUS","61","large","47","45","158","149","97","Buckingham","female","2757","360","187","212","160.0","65"],["6.329999924","94","96","43","4.699999809","SYMLIN","61","large","47","45","158","149","97","Buckingham","female","2757","360","187","212","162.0","65"],["6.349999905","110","100","49","3.099999905","LANTUS","68","small","58","63","165","153","106","Buckingham","female","2763","60","274","193","175.0","20"],["6.349999905","110","100","49","3.099999905","SYMLIN","68","small","58","63","165","153","106","Buckingham","female","2763","60","274","193","177.0","20"],["6.349999905","110","100","49","3.099999905","HUMALOG","68","small","58","63","165","153","106","Buckingham","female","2763","60","274","193","178.0","20"],["6.349999905","110","100","49","3.099999905","BYDUREON","68","small","58","63","165","153","106","Buckingham","female","2763","60","274","193","176.0","20"],["6.349999905","110","100","49","3.099999905","TRADJENTA","68","small","58","63","165","153","106","Buckingham","female","2763","60","274","193","174.0","20"],["6.489999771","88","84","42","3.700000048","HUMALOG","67","large","41","50","148","148","97","Bjc","male","1252","1020","178","186","62.0","70"],["6.489999771","88","84","42","3.700000048","HUMULIN","67","large","41","50","148","148","97","Bjc","male","1252","1020","178","186","63.0","70"],["6.489999771","88","84","42","3.700000048","SYMLIN","67","large","41","50","148","148","97","Bjc","male","1252","1020","178","186","61.0","70"],["6.960000038","75","null","38","7.0","SYMLIN","63","large","41","36","174","null","94","Buckingham","female","4515","180","154","251","291.0","58"],["6.960000038","75","null","38","7.0","HUMALOG","63","large","41","36","174","null","94","Buckingham","female","4515","180","154","251","292.0","58"],["6.960000038","75","null","38","7.0","BYDUREON","63","large","41","36","174","null","94","Buckingham","female","4515","180","154","251","290.0","58"],["6.960000038","75","null","38","7.0","HUMULIN","63","large","41","36","174","null","94","Buckingham","female","4515","180","154","251","293.0","58"],["7.440000057","78","76","35","3.200000048","SYMLIN","60","large","40","65","156","144","113","Buckingham","female","4000","1200","143","209","275.0","76"],["7.440000057","78","76","35","3.200000048","HUMALOG","60","large","40","65","156","144","113","Buckingham","female","4000","1200","143","209","276.0","76"],["7.440000057","78","76","35","3.200000048","BYDUREON","60","large","40","65","156","144","113","Buckingham","female","4000","1200","143","209","274.0","76"],["7.440000057","78","76","35","3.200000048","HUMULIN","60","large","40","65","156","144","113","Buckingham","female","4000","1200","143","209","277.0","76"],["7.71999979","80","null","44","8.899999619","LANTUS","68","med","41","28","138","null","90","Bjc","male","1005","300","183","249","14.0","64"],["7.71999979","80","null","44","8.899999619","BYDUREON","68","med","41","28","138","null","90","Bjc","male","1005","300","183","249","15.0","64"],["7.71999979","80","null","44","8.899999619","TRADJENTA","68","med","41","28","138","null","90","Bjc","male","1005","300","183","249","13.0","64"],["7.789999962","102","106","35","6.300000191","HUMULIN","63","medium","39","39","142","156","120","Louisa","female","4787","120","156","245","365.0","47"],["7.789999962","102","106","35","6.300000191","SYMLIN","63","medium","39","39","142","156","120","Louisa","female","4787","120","156","245","363.0","47"],["7.789999962","102","106","35","6.300000191","HUMALOG","63","medium","39","39","142","156","120","Louisa","female","4787","120","156","245","364.0","47"],["7.789999962","102","106","35","6.300000191","BYDUREON","63","medium","39","39","142","156","120","Louisa","female","4787","120","156","245","362.0","47"],["7.869999886","90","100","39","5.300000191","HUMALOG","70","","41","55","170","170","235","Buckingham","male","4805","240","165","292","417.0","79"],["7.869999886","90","100","39","5.300000191","BYDUREON","70","","41","55","170","170","235","Buckingham","male","4805","240","165","292","415.0","79"],["7.869999886","90","100","39","5.300000191","HUMULIN","70","","41","55","170","170","235","Buckingham","male","4805","240","165","292","418.0","79"],["7.869999886","90","100","39","5.300000191","LANTUS","70","","41","55","170","170","235","Buckingham","male","4805","240","165","292","414.0","79"],["7.869999886","90","100","39","5.300000191","SYMLIN","70","","41","55","170","170","235","Buckingham","male","4805","240","165","292","416.0","79"],["7.909999847","90","96","45","4.199999809","ONGLYZA","69","large","48","43","158","160","206","Buckingham","male","1316","840","214","182","120.0","70"],["7.909999847","90","96","45","4.199999809","HUMULIN","69","large","48","43","158","160","206","Buckingham","male","1316","840","214","182","118.0","70"],["7.909999847","90","96","45","4.199999809","INVOKANA","69","large","48","43","158","160","206","Buckingham","male","1316","840","214","182","119.0","70"],["8.399999619","82","null","35","2.0","HUMALOG","61","","38","114","170","null","184","Buckingham","female","2794","120","127","232","248.0","91"],["8.399999619","82","null","35","2.0","BYDUREON","61","","38","114","170","null","184","Buckingham","female","2794","120","127","232","246.0","91"],["8.399999619","82","null","35","2.0","TRADJENTA","61","","38","114","170","null","184","Buckingham","female","2794","120","127","232","244.0","91"],["8.399999619","82","null","35","2.0","SYMLIN","61","","38","114","170","null","184","Buckingham","female","2794","120","127","232","247.0","91"],["8.399999619","82","null","35","2.0","LANTUS","61","","38","114","170","null","184","Buckingham","female","2794","120","127","232","245.0","91"],["8.449999809","102","100","38","4.199999809","HUMALOG","67","small","43","46","150","150","108","Louisa","female","4841","300","172","195","482.0","59"],["8.449999809","102","100","38","4.199999809","BYDUREON","67","small","43","46","150","150","108","Louisa","female","4841","300","172","195","480.0","59"],["8.449999809","102","100","38","4.199999809","HUMULIN","67","small","43","46","150","150","108","Louisa","female","4841","300","172","195","483.0","59"],["8.449999809","102","100","38","4.199999809","SYMLIN","67","small","43","46","150","150","108","Louisa","female","4841","300","172","195","481.0","59"],["8.449999809","102","100","38","4.199999809","LANTUS","67","small","43","46","150","150","108","Louisa","female","4841","300","172","195","479.0","59"],["9.170000076","85","79","33","5.699999809","HUMALOG","63","medium","41","44","151","148","197","Louisa","female","4771","1140","159","249","340.0","64"],["9.170000076","85","79","33","5.699999809","BYDUREON","63","medium","41","44","151","148","197","Louisa","female","4771","1140","159","249","338.0","64"],["9.170000076","85","79","33","5.699999809","HUMULIN","63","medium","41","44","151","148","197","Louisa","female","4771","1140","159","249","341.0","64"],["9.170000076","85","79","33","5.699999809","SYMLIN","63","medium","41","44","151","148","197","Louisa","female","4771","1140","159","249","339.0","64"],["9.390000343","80","null","51","5.800000191","TRADJENTA","60","medium","54","50","126","null","111","Bjc","female","2762","780","220","289","169.0","70"],["9.390000343","80","null","51","5.800000191","SYMLIN","60","medium","54","50","126","null","111","Bjc","female","2762","780","220","289","172.0","70"],["9.390000343","80","null","51","5.800000191","LANTUS","60","medium","54","50","126","null","111","Bjc","female","2762","780","220","289","170.0","70"],["9.390000343","80","null","51","5.800000191","HUMALOG","60","medium","54","50","126","null","111","Bjc","female","2762","780","220","289","173.0","70"],["9.390000343","80","null","51","5.800000191","BYDUREON","60","medium","54","50","126","null","111","Bjc","female","2762","780","220","289","171.0","70"],["9.760000229","68","74","34","3.900000095","SYMLIN","63","medium","42","44","160","158","119","Louisa","female","4843","240","158","215","491.0","63"],["9.760000229","68","74","34","3.900000095","LANTUS","63","medium","42","44","160","158","119","Louisa","female","4843","240","158","215","489.0","63"],["9.760000229","68","74","34","3.900000095","HUMALOG","63","medium","42","44","160","158","119","Louisa","female","4843","240","158","215","492.0","63"],["9.760000229","68","74","34","3.900000095","BYDUREON","63","medium","42","44","160","158","119","Louisa","female","4843","240","158","215","490.0","63"],["9.760000229","68","74","34","3.900000095","HUMULIN","63","medium","42","44","160","158","119","Louisa","female","4843","240","158","215","493.0","63"],["9.770000458","68","null","36","3.799999952","HUMALOG","61","small","39","55","115","null","176","Louisa","female","4796","780","150","209","397.0","57"],["9.770000458","68","null","36","3.799999952","BYDUREON","61","small","39","55","115","null","176","Louisa","female","4796","780","150","209","395.0","57"],["9.770000458","68","null","36","3.799999952","HUMULIN","61","small","39","55","115","null","176","Louisa","female","4796","780","150","209","398.0","57"],["9.770000458","68","null","36","3.799999952","LANTUS","61","small","39","55","115","null","176","Louisa","female","4796","780","150","209","394.0","57"],["9.770000458","68","null","36","3.799999952","SYMLIN","61","small","39","55","115","null","176","Louisa","female","4796","780","150","209","396.0","57"]],"headers":["GLYHB","BP_1D","BP_2D","WAIST","RATIO","DRUG_NAME","HEIGHT","FRAME","HIP","HDL","BP_1S","BP_2S","STAB_GLU","LOCATION_1","GENDER","ID","TIME_PPN","WEIGHT","CHOL","CLEANED_DIABETES_3_UNIQUE_ROW_ID","AGE"],"rawHeaders":["GLYHB","BP_1D","BP_2D","WAIST","RATIO","DRUG_NAME","HEIGHT","FRAME","HIP","HDL","BP_1S","BP_2S","STAB_GLU","LOCATION_1","GENDER","ID","TIME_PPN","WEIGHT","CHOL","CLEANED_DIABETES_3_UNIQUE_ROW_ID","AGE"]},"format":{"type":"TABLE"},"headerInfo":[{"alias":"GLYHB","header":"GLYHB","type":"STRING","derived":false},{"alias":"BP_1D","header":"BP_1D","type":"STRING","derived":false},{"alias":"BP_2D","header":"BP_2D","type":"STRING","derived":false},{"alias":"WAIST","header":"WAIST","type":"STRING","derived":false},{"alias":"RATIO","header":"RATIO","type":"STRING","derived":false},{"alias":"DRUG_NAME","header":"DRUG_NAME","type":"STRING","derived":false},{"alias":"HEIGHT","header":"HEIGHT","type":"STRING","derived":false},{"alias":"FRAME","header":"FRAME","type":"STRING","derived":false},{"alias":"HIP","header":"HIP","type":"STRING","derived":false},{"alias":"HDL","header":"HDL","type":"STRING","derived":false},{"alias":"BP_1S","header":"BP_1S","type":"STRING","derived":false},{"alias":"BP_2S","header":"BP_2S","type":"STRING","derived":false},{"alias":"STAB_GLU","header":"STAB_GLU","type":"STRING","derived":false},{"alias":"LOCATION_1","header":"LOCATION_1","type":"STRING","derived":false},{"alias":"GENDER","header":"GENDER","type":"STRING","derived":false},{"alias":"ID","header":"ID","type":"STRING","derived":false},{"alias":"TIME_PPN","header":"TIME_PPN","type":"STRING","derived":false},{"alias":"WEIGHT","header":"WEIGHT","type":"STRING","derived":false},{"alias":"CHOL","header":"CHOL","type":"STRING","derived":false},{"alias":"CLEANED_DIABETES_3_UNIQUE_ROW_ID","header":"CLEANED_DIABETES_3_UNIQUE_ROW_ID","type":"STRING","derived":false},{"alias":"AGE","header":"AGE","type":"STRING","derived":false}],"sortInfo":[],"numCollected":500,"taskOptions":{"0":{"layout":"Grid","alignment":{"label":["GLYHB","BP_1D","BP_2D","WAIST","RATIO","DRUG_NAME","HEIGHT","FRAME","HIP","HDL","BP_1S","BP_2S","STAB_GLU","LOCATION_1","GENDER","ID","TIME_PPN","WEIGHT","CHOL","CLEANED_DIABETES_3_UNIQUE_ROW_ID","AGE"]}}},"filterInfo":[],"taskId":"task1"},"operationType":["TASK_DATA"]}]}